filename,gt_plate,pred_raw,pred_defog,acc_raw,acc_defog,conf_raw,conf_defog,brightness_raw,brightness_defog,sharp_raw,sharp_defog
20190615_155317_resized.jpg,ATOMC,AT0MC,AT0MC,0.8,0.8,0.8486328125,0.859375,166.35314666311484,132.25754739749553,293.9686644509888,1775.5624875020346
20190712_121651_resized.jpg,1494322,1494322,1494322,1.0,1.0,0.86669921875,0.87451171875,171.96695713393382,130.4014269497022,293.91057469444473,1372.095539828345
20190727_110246_resized.jpg,8ETH697,8ETH697,8ETH697,1.0,1.0,0.79541015625,0.81494140625,181.6412528858637,153.15361608892528,382.1756346048126,1802.8074026225602
20200603_191338_resized.jpg,AL83M36,AL83M36,AL83M36,1.0,1.0,0.8896484375,0.8984375,171.30692822718078,139.54117536450022,309.92912405106415,1535.9801776735314
20220525_150737_resized.jpg,6KAV083,6KAV083,6KAV083,1.0,1.0,0.892578125,0.88916015625,171.59781074048703,131.2548539976047,305.3125487107035,1366.14594148303
20230630_140900.jpg,9DIG718,9DTG718,9TTG718,0.8571428571428572,0.7142857142857143,0.8671875,0.86572265625,181.07675695966236,159.03246185374564,324.48054668220385,2040.4058136777587
20230802_161747_resized.jpg,CK26U47,CK26U47,CK26U47,1.0,1.0,0.8671875,0.85888671875,167.79377444618538,131.0832944304908,333.3439765259483,1314.7078608215288
20240221_175425_resized.jpg,99767M2,99767M2,99767M2,1.0,1.0,0.84765625,0.8662109375,184.39609239400494,155.22483757038052,307.61567898269044,1745.386300220851
20240224_154126_resized.jpg,7HKN790,7HKN790,7HKN790,1.0,1.0,0.82568359375,0.8427734375,174.18158441681715,140.09958282920937,300.54028567767045,1424.1692936005218
20240407_153852_resized.jpg,LUCILLE,LUCTLE,UCTLLE,0.7142857142857143,0.7142857142857143,0.900390625,0.89892578125,173.82796851379442,139.63158707413007,301.1362922560295,1675.9156844887032
20240504_154137.jpg,EQ 19389,EQ19389,EQ19389,0.875,0.875,0.8759765625,0.8740234375,181.97976523821117,156.35131178475774,869.954685374413,3504.3359372042437
20240504_154432.jpg,CJ0777,CJQ777,CJQ777,0.8333333333333334,0.8333333333333334,0.8798828125,0.880859375,170.53460798636473,143.99262356951547,813.5507138525678,3289.286438571358
20240504_154449_resized.jpg,CL 21287,CL21287,CL21287,0.875,0.875,0.8564453125,0.85205078125,187.57576515849397,155.19300279750533,309.2839198594936,1585.1832759185497
20240504_170739_resized.jpg,180008,180008,180008,1.0,1.0,0.89013671875,0.90283203125,168.75058291384968,133.13160637518897,368.90722474108367,1507.8402111731348
20240513_065344_resized.jpg,USJ-7233,USJ7233,USJ7233,0.875,0.875,0.81201171875,0.80615234375,165.0149841282964,120.38390188894488,318.0628128901985,1232.8543129008922
20240611_153155_resized.jpg,06219U1,06219U1,06219U1,1.0,1.0,0.67138671875,0.712890625,187.35759386219766,160.8246811279167,297.7311542382345,2395.6144024826453
IMG_0743_resized.jpg,WLSOP,WLSOP,WLSOP,1.0,1.0,0.65087890625,0.88037109375,180.18003013480342,146.53063354167543,297.42537131833836,1652.1277013978552
IMG_0771_resized.jpg,LCBW31,LCBW31,LCBW31,1.0,1.0,0.57568359375,0.5341796875,179.37979062670593,147.93989759612694,325.1453958300855,1637.5871082028716
IMG_1083_resized.jpg,QNAH46,QNAH48,QNAH46,0.8333333333333334,1.0,0.591796875,0.65673828125,180.48258063031025,144.6706277305804,303.6140629427591,1830.603352167429
IMG_2323.jpeg,1431529,1431529,1431529,1.0,1.0,0.83935546875,0.85302734375,179.41741213589344,142.9331062205618,459.9790415045393,2191.3221359202835
IMG_2324.jpeg,1431380,UCSDD8,UCSDDG,0.1428571428571429,0.0,0.76611328125,0.81494140625,187.81220211850172,152.84573040893312,562.7985865048904,2819.0224327450023
IMG_2325(1).jpeg,CTA9646,CTA9646,CTA9646,1.0,1.0,0.88671875,0.89111328125,181.60086465463243,141.8992463948028,307.647092646141,1661.98839303774
IMG_2326.jpeg,1431417,1431417,1431417,1.0,1.0,0.87353515625,0.87548828125,179.77631972767244,141.2437480425555,312.34985498334015,1666.1742583066314
IMG_2327.jpeg,1594530,1594530,1594530,1.0,1.0,0.88818359375,0.88720703125,182.71762170821262,147.1826970162422,307.3099215374738,1672.25806180088
IMG_2328.jpeg,1392958,199295,1992958,0.7142857142857143,0.8571428571428572,0.8515625,0.8671875,182.63596972675387,143.26855613644634,296.78323978349954,1571.7239925835095
IMG_2329.jpeg,6996G1,CJ5501,C75601,0.16666666666666663,0.33333333333333337,0.8359375,0.8369140625,176.34437635490153,135.90442531179139,298.07622140161,1421.8152426203978
IMG_2334.jpeg,"7SFA191,6FBV284",6FBV284,6FBV284,1.0,1.0,0.6142578125,0.5205078125,169.39968348450492,128.14064670685661,1146.8128976738105,3455.6301112807478
IMG_2335.jpeg,8VAC115,8VAC115,0VAC115,1.0,0.8571428571428572,0.85986328125,0.85888671875,167.49789358741182,124.06481615440673,296.4411152578233,1417.7320687961292
IMG_2336.jpeg,7SFA,,,0.0,0.0,0.0,0.0,169.40529514435661,124.10667834681455,298.8143563459759,1412.675002916504
IMG_2338.jpeg,"9BYV861,8LYK834",9BYV861,9BYV861,1.0,1.0,0.83740234375,0.859375,174.5082600603899,125.15429422315479,296.1772522032274,1618.3690071823746
IMG_2341.jpeg,9685,91685,91685,0.8,0.8,0.83251953125,0.83984375,173.6204542452269,131.69076551498944,299.23982806319697,1547.2189530354274
IMG_2342.jpeg,9KIC227,9KIC227,9KICZ27,1.0,0.8571428571428572,0.4951171875,0.78759765625,173.71442404765403,128.47359191393892,301.791064468397,1456.401766751043
IMG_2343.jpeg,"7L7S369,9KIC227",7LZS369,71ZS369,0.8571428571428572,0.7142857142857143,0.82763671875,0.85009765625,172.68031997875025,127.9332987117172,300.284748954948,1394.0374780218017
IMG_2344.jpeg,8UPR353,,8UPR353,0.0,1.0,0.0,0.728515625,173.6266165320295,129.86443854805296,302.45987342657776,1470.2593662897928
IMG_2345.jpeg,7NET760,ZNET760,7NET760,0.8571428571428572,1.0,0.82861328125,0.8115234375,177.77914107225968,134.5936117213089,329.56814530954665,1827.761102624353
IMG_2346.jpeg,1470349,,,0.0,0.0,0.0,0.0,169.4405692784444,128.25886957470746,328.3760734996537,1435.5222415450353
IMG_2347.jpeg,6UER269,6UER269,6UER269,1.0,1.0,0.89892578125,0.8662109375,179.50201403542383,137.80227587916596,349.21534215404455,2006.6676251218282
IMG_2348.jpeg,8CJE008,8CJE008,8CJE008,1.0,1.0,0.83447265625,0.841796875,176.98462801883872,133.41029258764976,311.4236768869549,1832.4233762977276
IMG_2349.jpeg,8CJE008,8CJE008,8CJE008,1.0,1.0,0.88623046875,0.87548828125,168.662414993325,126.44214368167535,295.883177962156,1686.1903274124058
IMG_2354.jpeg,8NKH450,BNKH450,8NKH450,0.8571428571428572,1.0,0.82177734375,0.8193359375,169.05618311335593,131.21880754777476,318.1223722075648,1699.4181814776057
IMG_2366.jpeg,7EZU047,7E7U047,7E70047,0.8571428571428572,0.7142857142857143,0.87451171875,0.86962890625,165.08978133595258,126.65999620977506,322.3950503984902,1646.2200585679343
IMG_2371.jpeg,8UZG115,8UZG115,8UZG115,1.0,1.0,0.85693359375,0.8642578125,174.38551497630945,131.85938629084606,746.2795283971152,2863.7167704961203
IMG_2378_frame_000341.jpeg,8VEL356,,BVF1354,0.0,0.4285714285714286,0.0,0.63134765625,146.56715309927984,121.2886032343107,984.7946016419961,3729.306402359791
IMG_2379_frame_000228.jpeg,9LWB035,,9LWB035,0.0,1.0,0.0,0.55615234375,117.92003391846708,103.29221836419752,1450.7790753972367,5391.111486470616
IMG_2379_frame_000499.jpeg,BEMN247,BEMW247,BEMW247,0.8571428571428572,0.8571428571428572,0.75634765625,0.74609375,151.66544013631687,127.02911538708848,1146.3302695713426,4535.890177891611
IMG_2381_frame_000598.jpeg,88681A4,,,0.0,0.0,0.0,0.0,109.4005116705247,92.02000257201647,729.2743711207636,2883.817922916534
IMG_2382_frame_000182.jpeg,7LCY720,LLCY722,7LCY722,0.7142857142857143,0.8571428571428572,0.546875,0.58251953125,125.59317499356996,107.005189686214,1145.2232396433135,4357.346581967246
IMG_2382_frame_000276.jpeg,9FGS754,9FGJ754,9FGJ754,0.8571428571428572,0.8571428571428572,0.73193359375,0.7529296875,96.6255028292181,82.2619860789609,317.15964649406817,1042.3194072544313
IMG_2383_frame_000484.jpeg,1431555,AK34554,1A3455,0.4285714285714286,0.5714285714285714,0.671875,0.78564453125,107.98718782150206,87.18817274305556,857.6710501408497,3107.3389229004583
IMG_2383_frame_000633.jpeg,9NM2053,,,0.0,0.0,0.0,0.0,107.48171810699588,85.94822755915638,531.5292886135691,1803.506942811393
IMG_2383_frame_000763.jpeg,1642116,,,0.0,0.0,0.0,0.0,139.11452160493826,107.03608442644033,1411.1291010689915,5890.895458958323
IMG_2384_frame_000459.jpeg,9PMX795,9PMX795,9PWX795,1.0,0.8571428571428572,0.85302734375,0.80419921875,94.69854953859584,84.97047922642058,783.9760677295836,3174.3850039501767
IMG_2386.jpeg,8MHL131,8MHL131,HMH1331,1.0,0.5714285714285714,0.76904296875,0.77587890625,170.31619251674437,122.72719172545561,318.17838018949203,1431.3151033180086
IMG_2387.jpeg,8JUE333,BJUE333,BJUE333,0.8571428571428572,0.8571428571428572,0.859375,0.8623046875,173.52262409432652,127.10855445894921,298.6840367898653,1398.9221847426147
IMG_2388.jpeg,67776M1,67776M1,67776M1,1.0,1.0,0.787109375,0.798828125,179.09475584215167,141.51630368100172,466.31148258233475,2363.8115873515912
IMG_2389.jpeg,1608816,1608816,1608816,1.0,1.0,0.76904296875,0.84765625,179.25733888591444,135.8661445866927,297.3310142474447,1546.5689449446593
IMG_2390.jpeg,1408508,1408508,1408508,1.0,1.0,0.74072265625,0.77392578125,180.1765745617949,143.16823426258364,296.1730185385479,1909.8463623692194
IMG_2391.jpeg,1044958,104458,104458,0.8571428571428572,0.8571428571428572,0.869140625,0.87744140625,180.13171313246235,138.63615081770877,296.89491541013234,1809.5632782260152
IMG_2393.jpeg,1431360,1431360,1431360,1.0,1.0,0.88818359375,0.8984375,179.6416861208218,140.46455467153424,298.01009368752887,1509.3059521830585
IMG_5004_resized.jpg,RSULAHH,RSULAHH,RSULAHH,1.0,1.0,0.8681640625,0.8828125,162.8245029075159,127.17856675366906,308.9008307108595,1259.1492425102783
IMG_5509_resized.jpg,8XOM170,8XDM170,8XOM170,0.8571428571428572,1.0,0.80908203125,0.7548828125,167.95530957367515,136.2450860214842,330.921392254734,1782.727530778011
IMG_5772.jpeg,9POM121,9POM121,9POM121,1.0,1.0,0.7919921875,0.78759765625,172.30700431043877,133.7982515991146,410.39590625811974,1615.479605224171
IMG_5773.jpeg,8SHF202,8SHF202,8SHF202,1.0,1.0,0.423828125,0.50146484375,167.1825386472672,129.90086061657777,435.77940154638736,1808.954176878393
IMG_5774.jpeg,6YYM380,6YYM380,6YYM380,1.0,1.0,0.85888671875,0.86474609375,167.8007860069182,127.0028855356443,335.719315745166,1535.6053238267646
IMG_5775.jpeg,8CMX516,8CMX516,8CMX516,1.0,1.0,0.84423828125,0.8291015625,170.74452224466177,129.30332344003702,320.82247614424034,1344.221559429936
IMG_5776.jpeg,9POM121,9POM121,9POM121,1.0,1.0,0.84912109375,0.8544921875,172.63458765064667,135.04659297489573,358.80773783020214,1684.5606216321326
IMG_5870.jpeg,7GKE712,7GKE712,7GKE712,1.0,1.0,0.8759765625,0.87744140625,166.77288249887147,125.88059055444451,320.62466298604966,1345.9947087855548
IMG_5871.jpeg,9MWC382,9MWC382,9MWC382,1.0,1.0,0.8662109375,0.865234375,175.49133847211723,136.44312390754914,315.8789064944517,1529.0854832012226
IMG_5877.jpeg,STA2EF,STA2EF,STA2EF,1.0,1.0,0.90380859375,0.9091796875,176.95318191898673,135.58290255885018,314.65686439268853,1390.6732464986062
IMG_5878.jpeg,3LA8EB,3LA8EB,3LA8EB,1.0,1.0,0.87353515625,0.876953125,173.13772795480074,129.14887696816123,311.8235928608491,1295.7149579465065
IMG_5880.jpeg,85E0204,1088411,,0.0,0.0,0.509765625,0.0,180.89234470794491,151.2636322066764,308.8271796026489,2030.3581435988547
IMG_5882.jpeg,BJY0327,BJY0327,BJY0327,1.0,1.0,0.9072265625,0.8955078125,172.74174699297157,130.1982456321649,294.79583544906933,1427.021771756361
IMG_5883.jpeg,FNA1DH,FNA1DH,FNA1DH,1.0,1.0,0.86767578125,0.8798828125,141.93021272938188,104.24455693735828,295.9746452156129,1338.4765263210563
IMG_5884.jpeg,2DA8F0,2DA8F0,2DA8F0,1.0,1.0,0.86328125,0.8701171875,168.04411710832738,125.42440630927011,305.4661069369928,1396.5669956891936
IMG_5886.jpeg,MMZWHP,HMZMHP,MMZWPP,0.6666666666666667,0.8333333333333334,0.87109375,0.8740234375,175.80402847545912,138.61137388983371,301.9467344084521,1454.9392466836964
IMG_5891.jpeg,FOA4SW,FOA4SW,FOA4SW,1.0,1.0,0.890625,0.908203125,168.4164555579176,128.55395094316017,309.5970607222873,1289.3869352572387
IMG_5892.jpeg,TXA29X,TXA29X,TXA29X,1.0,1.0,0.80810546875,0.7265625,172.81397232085993,137.09627980564653,305.93875739050907,1576.5058708131548
IMG_5894.jpeg,6ZA6NZ,6ZA6NZ,6ZA6NZ,1.0,1.0,0.87109375,0.8916015625,169.6842745087361,132.37134086369886,312.958064901128,1376.9848848986508
IMG_5895.jpeg,7CTJ853,7CTJ853,7CTJ853,1.0,1.0,0.86376953125,0.86083984375,167.96825549921616,127.0008161121959,320.17937128882556,1401.6425204070551
IMG_5896.jpeg,BLA512,BLA512,BLA512,1.0,1.0,0.880859375,0.875,178.67842557708525,136.52531096028946,299.4075161603995,1582.7733822201635
IMG_5897.jpeg,W8A091,W8A091,W8A091,1.0,1.0,0.88623046875,0.8857421875,175.82758115302448,146.36327206422692,300.4351520503634,1926.7796004898528
IMG_5899.jpeg,XNA1Y1,XNA1Y1,XNA1Y1,1.0,1.0,0.7998046875,0.85595703125,177.26367201169305,145.24807473304395,310.26172677757233,2183.416441193778
IMG_5900.jpeg,BVL4257,BUL4257,BVL4257,0.8571428571428572,1.0,0.83447265625,0.85400390625,179.05962570052455,143.85387892779283,317.36830676393686,1804.9171032196077
IMG_5958.jpeg,80970B4,,,0.0,0.0,0.0,0.0,170.07583003244872,128.25308692376734,315.1446667553032,1519.6013688594378
IMG_5959.jpeg,4245363,42453G3,42453G3,0.8571428571428572,0.8571428571428572,0.79248046875,0.73046875,166.22707194261147,125.14101664630994,300.15102201006204,1474.3308019693086
IMG_5961.jpeg,9TWF744,9TWF744,9TWF744,1.0,1.0,0.9091796875,0.908203125,180.15142973824047,135.6154284791334,295.33061532472533,1760.9303616343595
IMG_5962.jpeg,8PAT244,8PAT244,8PAT244,1.0,1.0,0.76611328125,0.78515625,180.0136755001565,140.51320242149148,331.1834624778682,1714.0428199854523
IMG_5963.jpeg,50870H3,50870H3,50870H3,1.0,1.0,0.74658203125,0.85693359375,174.8485760028677,131.87560844811176,310.64968069263347,1548.671178190727
IMG_5964.jpeg,8HEE950,8HEE50,8HE950,0.8571428571428572,0.8571428571428572,0.87255859375,0.87841796875,168.3051868943951,131.19203604956644,308.72394454472663,1650.420321374109
IMG_5965.jpeg,9TWF744,9TWF744,9TWF744,1.0,1.0,0.90283203125,0.90576171875,177.86588426844503,145.38664403357794,298.33106386592743,2036.4127457953227
IMG_6180.jpeg,7TGJ110,7IGJ110,7TGJ110,0.8571428571428572,1.0,0.892578125,0.90673828125,138.35262321074262,110.69026303133136,204.96626256612976,690.7863245572507
IMG_6184.jpeg,9SHX552,9SHX552,9SHX552,1.0,1.0,0.85595703125,0.8720703125,147.88202714374071,119.40578639184584,351.87168873054895,1141.191034315829
IMG_6188.jpeg,7SOV044,7SOV044,7SOV044,1.0,1.0,0.74169921875,0.8115234375,157.15972864679566,129.66093832562603,626.7786042944487,2219.459669622485
IMG_6192.jpeg,8BMG600,8BMG600,8BMG600,1.0,1.0,0.83837890625,0.853515625,163.19618058289416,130.41579661539257,580.6354652680914,1860.8832529352242
IMG_6195.jpeg,6VAU284,,6VAU284,0.0,1.0,0.0,0.623046875,137.73355128767042,111.88518688564675,213.44103867704516,541.7019543590396
IMG_6202.jpeg,7UQP650,7UQP650,7UQP650,1.0,1.0,0.85888671875,0.869140625,149.54157344200542,127.30303332270408,424.01538985704065,1503.7714407634976
IMG_6410.jpeg,CN48989,CN48989,CN48989,1.0,1.0,0.8623046875,0.87353515625,166.42230878945844,131.00001875181002,312.8690043375904,1419.8403268808988
IMG_6647 copy.jpeg,DM50964,DM50964,DM50964,1.0,1.0,0.90283203125,0.900390625,124.07925623747708,106.23799368284075,514.2282645653735,1707.256366142096
IMG_6647.jpeg,EH43217,EH43217,EH43217,1.0,1.0,0.88330078125,0.8857421875,127.91663046880608,104.92270122618865,723.8587481720608,2505.327036305459
IMG_6652.jpeg,HASNATN,HASNATN,HNNNAIN,1.0,0.5714285714285714,0.79736328125,0.8115234375,125.9527850443804,99.90621205400885,542.7320953308356,1436.1338130934816
IMG_6653.jpeg,NERYHQ,NERVHQ,NERVHQ,0.8333333333333334,0.8333333333333334,0.8837890625,0.85986328125,117.9086573286722,91.18936648894383,1133.9542324108434,3024.3222793972027
IMG_6655.jpeg,CZ 24949,CZ24949,CZ24949,0.875,0.875,0.91357421875,0.90625,104.25231486949204,82.31526390616689,769.1811434347541,2073.6844780296383
IMG_6657.jpeg,EK 30186,EK30186,EK30186,0.875,0.875,0.8798828125,0.837890625,146.08099484328196,110.7796043523505,995.0740362612036,2859.1051310013904
IMG_6658.jpeg,FQ 34248,FQ34248,FQ34248,0.875,0.875,0.90234375,0.921875,141.86760616347877,109.25668888311498,749.1551439224964,2563.2146499135897
IMG_6661.jpeg,AZ 87822,AZ87822,AZ87822,0.875,0.875,0.8125,0.806640625,132.95052482477044,105.79281035009168,560.6462176905842,1669.8897813160602
IMG_6663.jpeg,DC 62199,DC62199,DC62199,0.875,0.875,0.89208984375,0.89990234375,96.7131195858616,76.1062526026357,583.7009507513916,2005.0315332524542
IMG_6678.jpeg,B5688 EL,B5688EL,B5688EL,0.875,0.875,0.87353515625,0.876953125,137.20232734978524,106.36534341405408,214.23559978393973,765.0577004219588
IMG_6682.jpeg,SMITA 18,SMITA18,SMITA18,0.875,0.875,0.85107421875,0.8603515625,123.16980913057095,92.68567823702269,869.1924843430651,3079.099066002445
IMG_6891.jpeg,DV 89203,DV89203,DV89203,0.875,0.875,0.86328125,0.87109375,162.76218438121134,124.43033009403607,321.0575161989438,1254.4028470900112
IMG_6892.jpeg,C2841 EL,C2841EL,C2841EL,0.875,0.875,0.857421875,0.87353515625,172.3241666426087,133.7016361119422,316.4548982617216,1450.5370635981246
IMG_6893.jpeg,DS 98613,DS98613,DS98613,0.875,0.875,0.8984375,0.89013671875,172.7324195238795,131.49863071836245,316.2675228437608,1374.853246688163
IMG_6894.jpeg,EB 52047,EB52047,EB52047,0.875,0.875,0.7685546875,0.8251953125,177.92646430517937,138.99219753327,352.0558622296818,1501.9574644945874
IMG_6895.jpeg,FJ 96866,FJ96866,FJ96866,0.875,0.875,0.86474609375,0.88232421875,169.7755945243021,133.60435358784036,358.51179221491014,1623.485499053995
IMG_6896.jpeg,43074,43074F,43074F,0.8333333333333334,0.8333333333333334,0.86181640625,0.8818359375,169.63683548586616,133.95608470529416,299.42529333732034,1609.4277463378344
IMG_6897.jpeg,YO CINDY,1DCINDY,Y0CINDY,0.625,0.75,0.845703125,0.857421875,175.87466299695032,137.44172958374452,305.65849837309526,1466.9401708947041
IMG_7275.jpeg,8PAM497,8PAM497,8PAM497,1.0,1.0,0.86279296875,0.87353515625,171.46455592911033,131.15877898548823,369.3838899923132,1594.3970149012434
IMG_7276.jpeg,8GLU332,8GLU332,8GLU332,1.0,1.0,0.8671875,0.87890625,169.35895209903663,129.9625249984253,374.8563316796022,1587.698626373384
IMG_7277.jpeg,8RGV530,8RGV530,8RGV530,1.0,1.0,0.8564453125,0.83447265625,174.6678326037205,138.29176806557243,371.0497508817143,1706.3048796550852
IMG_7278.jpeg,9RFE162,9RFE162,9RFE162,1.0,1.0,0.8583984375,0.859375,174.46651173329414,136.27277721788303,343.99072769006375,1597.6005104617425
IMG_7279.jpeg,PINGACK,PTNGACK,PTNGACK,0.8571428571428572,0.8571428571428572,0.90185546875,0.89013671875,166.2684745580331,124.99483857972201,302.4486375058699,1184.4829642752907
IMG_7281.jpeg,7NQJ925,7NQJ925,7NQJ925,1.0,1.0,0.89208984375,0.89990234375,171.88766552372584,131.03641870691632,328.47163145490055,1736.0024127122451
IMG_7282.jpeg,8LGE143,8LGE143,8LGE143,1.0,1.0,0.849609375,0.841796875,172.08736378538345,130.3882603967513,326.4806241058557,1386.8402431086176
IMG_7285.jpeg,26390F1,26390F1,26390F1,1.0,1.0,0.8798828125,0.89453125,176.5842945315343,141.94224442445446,312.40852610333627,1424.683406588247
IMG_7286.jpeg,83018X3,83018X3,83018X3,1.0,1.0,0.87939453125,0.876953125,167.98820210472306,128.98128540896812,308.05690639089227,1305.6299102898001
IMG_7287.jpeg,9TXR619,9TXR619,9TXR619,1.0,1.0,0.85498046875,0.8544921875,174.87899821708518,142.72671491275264,337.06998458217146,1932.9893620718312
IMG_7288.jpeg,8TBC212,8TBC212,8TBC212,1.0,1.0,0.8671875,0.87158203125,170.7431743691561,127.02741452966217,317.9976961726023,1261.398866183317
IMG_7289.jpeg,6J93188,6J93188,6J93188,1.0,1.0,0.85302734375,0.86474609375,177.76753309830877,139.91862072117942,330.462416549367,1571.158586063714
IMG_7291.jpeg,8UAX476,8UAX476,8UAX476,1.0,1.0,0.8515625,0.85693359375,175.12575905651613,133.61227475172169,298.48773346407165,1674.012288731091
IMG_7292.jpeg,07975E4,07975E4,07975E4,1.0,1.0,0.8291015625,0.8486328125,179.12806676329225,138.5851502847152,304.2146070072587,1601.0402591466018
IMG_7293.jpeg,9HTK639,9HTK639,9HTK639,1.0,1.0,0.7353515625,0.8642578125,166.33554505424854,125.0555099274149,383.05617409215427,1724.8319416532534
IMG_7295.jpeg,48475N2,48475N2,48475N2,1.0,1.0,0.85498046875,0.869140625,171.42186373649253,136.18010318357022,575.8331502701947,2514.678347850285
IMG_7296.jpeg,7RJM387,7RJM387,7RJM387,1.0,1.0,0.8330078125,0.83056640625,176.4806688686277,140.98070356132422,363.91048307222076,1794.5382361509471
IMG_7297.jpeg,27F3506,27F3506,,1.0,0.0,0.7060546875,0.0,159.2933922524128,121.08938621101733,294.57703720216654,1274.9040067476844
IMG_7298.jpeg,7YEL174,7YEL174,7YEL174,1.0,1.0,0.89111328125,0.8984375,172.94103544195457,137.06635064156382,715.5908651839662,2663.241784949983
IMG_7299.jpeg,9AWE167,9AWE167,9AWE167,1.0,1.0,0.8662109375,0.875,173.92878877052365,144.9812829758318,346.96615239268226,1810.528523770951
IMG_7300.jpeg,8LED381,8LED381,8LED381,1.0,1.0,0.8681640625,0.8603515625,174.67335929517125,132.96122124743673,320.9368935660186,1680.8076556004128
IMG_7302.jpeg,7VZE943,7VZE943,7VZE943,1.0,1.0,0.8330078125,0.85888671875,168.89525514906322,129.95183379743358,313.370793979929,1577.1018341140516
IMG_7303.jpeg,8NSA622,8NSA622,8NSA622,1.0,1.0,0.81689453125,0.828125,179.20226200208737,143.6974763510085,324.8382812630028,1759.5351322915928
IMG_7304.jpeg,7XFK799,7XFK799,7XFK799,1.0,1.0,0.857421875,0.8310546875,167.56969317112132,127.47064013684178,307.23234140357965,1327.6058073177412
IMG_7305.jpeg,9AED652,9AED562,9AED562,0.7142857142857143,0.7142857142857143,0.8701171875,0.87890625,166.59760750525777,124.72704934597296,322.0379022198759,1306.5343824253905
IMG_7307.jpeg,9DMY895,9DMY895,9DMY895,1.0,1.0,0.865234375,0.87060546875,174.63640192284475,136.57402877399673,327.09061371040207,1582.9773581108575
IMG_7308.jpeg,5XVY459,5XVY459,5XVY459,1.0,1.0,0.84228515625,0.8671875,162.00051691844433,122.89882964502674,341.3225418010286,1427.3067320299915
IMG_7309.jpeg,8WHK851,8WHK851,8WHK851,1.0,1.0,0.82080078125,0.8291015625,171.0273059680405,134.94437276260814,297.1159924430965,1494.1478776400854
IMG_7310_foggy.jpeg,7PCS854,7PCS854,7PCS854,1.0,1.0,0.86669921875,0.8681640625,185.3192851697006,145.97796245555836,305.52177019549384,1946.9694212635197
IMG_7311_foggy.jpeg,6KFK706,6KFK706,6KFK706,1.0,1.0,0.87939453125,0.8798828125,183.25935128102168,137.5387291329855,308.55278924195653,1544.999172846597
IMG_7313_foggy.jpeg,9TKT629,9TKT629,9TKT629,1.0,1.0,0.87451171875,0.89013671875,180.80043634609194,140.5184206736321,309.82387682597243,1647.0043505257154
IMG_7315_foggy.jpeg,8ZDU196,8ZDU196,8ZDU196,1.0,1.0,0.85205078125,0.86767578125,176.44875294889198,138.3746757417564,295.18985093619636,1704.8511017826127
IMG_7316_foggy.jpeg,9POM121,9POM121,9POM121,1.0,1.0,0.873046875,0.88134765625,181.85436272820675,144.61000227977902,300.8233698659414,1773.1905500852802
IMG_7317_foggy.jpeg,8CMX516,8CMX516,8CMX516,1.0,1.0,0.88427734375,0.89208984375,179.13631412532334,137.32615143007095,302.03740777353414,1747.6310786565632
IMG_7318_foggy.jpeg,679YZ0,679YZD,679YZD,0.8333333333333334,0.8333333333333334,0.85595703125,0.8623046875,177.00358618392892,139.8024004400235,305.3348806433618,1703.0331495751798
IMG_8534.jpeg,97673C,,,0.0,0.0,0.0,0.0,178.691597155516,147.40531357057998,298.1053985439877,1762.6900439657213
IMG_8541.jpeg,ARA8JR,,ARA8JR,0.0,1.0,0.0,0.81201171875,174.93091083333334,140.90168722222222,294.6498671015569,2169.3097578606753
IMG_8542.jpeg,52A94Y,V5294Y,52A94Y,0.6666666666666667,1.0,0.74365234375,0.8515625,167.0859668888889,144.84303866666667,305.7384786512906,2502.6652074223985
Screenshot 2025-10-08 at 12.00.51PM_resized.png,T732426C,T732426C,T732426C,1.0,1.0,0.88232421875,0.876953125,182.39228696879988,150.81497493705558,235.7015931077189,1358.5818965571332
Screenshot 2025-10-08 at 12.00.58PM_resized.png,7FDZ446,7FDZ446,7FDZ446,1.0,1.0,0.8671875,0.8740234375,185.63114951967154,143.9827647831895,237.63213209506415,1301.365372894036
Screenshot 2025-10-08 at 12.01.39PM_resized.png,7XMK666,7XMK666,7XMK666,1.0,1.0,0.853515625,0.8671875,174.21988154508202,132.96926136870644,242.49031399689233,903.2404740182972
Screenshot 2025-10-08 at 12.03.38PM_resized.png,8ZPC871,8ZPC871,8ZPC871,1.0,1.0,0.87890625,0.88330078125,164.5747671078462,121.54477531270996,236.5539681391408,845.0608893722375
Screenshot 2025-10-08 at 12.03.56PM_resized.png,82362W1,8224W1,8222W1,0.5714285714285714,0.7142857142857143,0.8447265625,0.85400390625,175.37647016110972,140.96754994436046,238.74156113973405,1120.3789072956283
Screenshot 2025-10-08 at 12.04.09PM_resized.png,1184TX,1184TX,1184TX,1.0,1.0,0.81591796875,0.83203125,160.53738459279032,117.13559062224427,236.70687386037014,883.915887502862
Screenshot 2025-10-08 at 12.04.18PM_resized.png,013MLX,013MLX,013MLX,1.0,1.0,0.85009765625,0.85302734375,169.62804806368277,130.54322056593986,236.0471636137065,933.9952269997806
Screenshot 2025-10-08 at 12.04.29PM_resized.png,RFM7334,RFM7334,RFM7334,1.0,1.0,0.86181640625,0.8740234375,172.12246305897617,135.6171208211294,240.42552511369237,1016.0100469389974
Screenshot 2025-10-08 at 12.04.38PM_resized.png,NYR6525,NYR6525,NYR6525,1.0,1.0,0.82666015625,0.822265625,164.5475472564283,127.78473895345175,298.5065556333802,1109.471503912089
Screenshot 2025-10-08 at 12.04.53PM_resized.png,8RNN844,8RNN844,9RNN844,1.0,0.8571428571428572,0.86767578125,0.8564453125,181.3594657368477,146.2510202222607,238.41685161230203,1224.5144566774445
Screenshot 2025-10-08 at 12.05.05PM_resized.png,6S32601,6S32601,6S32601,1.0,1.0,0.85888671875,0.87646484375,187.47474434571924,149.67424569493434,248.9573334706216,1023.2683536541833
Screenshot 2025-10-08 at 12.05.13PM_resized.png,WHYUFAT,WHYUFAT,WHYUFAT,1.0,1.0,0.8681640625,0.87158203125,184.72194052518125,137.18594484315074,235.8148367128497,1199.492745207447
Screenshot 2025-10-08 at 12.05.27PM_resized.png,8YOU918,8YOU918,8YOU918,1.0,1.0,0.87646484375,0.88330078125,184.0024027904629,149.72920187879677,244.24700929265575,1337.7843133707925
Screenshot 2025-10-08 at 12.05.33PM_resized.png,8TGH790,8TGH790,8TGH790,1.0,1.0,0.84423828125,0.861328125,179.61455203062448,148.895194265978,237.76532555741954,1287.6315709406665
Screenshot 2025-10-08 at 12.07.06PM_resized.png,8L94622,8L94622,8L94622,1.0,1.0,0.46533203125,0.57470703125,188.1085245778481,152.17392758286442,238.39012264294107,1386.8423088413358
Screenshot 2025-10-08 at 12.10.17PM_resized.png,EL97768,EL97768,EL97768,1.0,1.0,0.83935546875,0.85791015625,151.4801173941799,115.18930205183925,236.36466877179237,968.6885494436788
Screenshot 2025-10-08 at 12.11.41PM_resized.png,9BQE189,,,0.0,0.0,0.0,0.0,180.12642155306054,146.78679331332586,235.45169546360347,1099.4495920857312
Screenshot 2025-12-05 at 3.27.17PM_foggy.png,7XHK600,7XHR60D,7XHH60D,0.7142857142857143,0.7142857142857143,0.87646484375,0.8828125,167.60546068261473,131.02895388861447,238.91038563408534,1041.6565118879782
Screenshot 2025-12-05 at 3.27.21PM_foggy.png,7TWE323,7TWE323,7TWE323,1.0,1.0,0.765625,0.84130859375,180.88636089793496,140.3100850850851,240.21809206306338,1042.4789209256032
Screenshot 2025-12-05 at 3.29.26PM_foggy.png,7WIC368,7WIC368,7WIC368,1.0,1.0,0.826171875,0.8251953125,191.35253301379612,155.9614392614299,269.4522846419304,1561.1210594340753
Screenshot 2025-12-05 at 3.29.33PM_foggy.png,5HCA754,5HCA754,5HCA754,1.0,1.0,0.8876953125,0.88720703125,162.03319774379,128.15139589434864,579.3799213461255,1705.3063303177723
Screenshot 2025-12-05 at 3.30.33PM_foggy.png,8HUW988,8HUW988,8HUW988,1.0,1.0,0.88818359375,0.92626953125,170.7063963676687,139.12776647821292,341.4050908338723,1474.4479754960007
Screenshot 2025-12-05 at 3.30.37PM_foggy.png,9MKE840,9MKE840,9MKE840,1.0,1.0,0.892578125,0.900390625,161.6414141826596,135.60755614536546,508.8414107198486,1972.8861582057182
Screenshot 2025-12-05 at 3.30.41PM_foggy.png,TZH7698,TZH7698,TZH7698,1.0,1.0,0.88916015625,0.89013671875,184.26789743449433,157.06516092551553,476.5624427052415,2050.5589340307733
Screenshot 2025-12-05 at 3.32.33PM_foggy.png,P624267,P6Z4267,P624267,0.8571428571428572,1.0,0.86181640625,0.873046875,177.24151319258883,148.2139157715589,260.345155512168,977.0569546111153
Screenshot 2025-12-05 at 3.33.27PM_foggy.png,9FCG101,9FCG101,9FCG101,1.0,1.0,0.85546875,0.857421875,178.2925645648626,148.97982168850072,257.30558390839633,1215.9266552784222
Screenshot 2025-12-05 at 3.33.53PM_foggy.png,61421L3,61421L3,61421L3,1.0,1.0,0.853515625,0.83447265625,185.392946282495,156.56821537581632,383.1055881629591,1660.322432241474
Screenshot 2025-12-05 at 3.34.42PM_foggy.png,PGJ4292,PGJ4292,PGJ4292,1.0,1.0,0.81103515625,0.81689453125,185.29262700609306,159.2678649999493,236.21701556586922,1556.3033249803964
Screenshot 2025-12-05 at 3.34.47PM_foggy.png,PGJ4292,PGJ4292,PGJ4292,1.0,1.0,0.83154296875,0.87255859375,186.50809375809376,162.97997280497282,235.98380311873441,1572.134912754209
Screenshot 2025-12-05 at 3.35.44PM_foggy.png,THENILE,THENILE,IHENILE,1.0,0.8571428571428572,0.8896484375,0.90673828125,168.51479240729586,136.23862802009393,242.18666793547584,1130.0507423758174
Screenshot 2025-12-05 at 3.35.47PM_foggy.png,APEMODE,APEMODE,APEMODE,1.0,1.0,0.89306640625,0.8876953125,161.1930706981633,126.54095073308036,252.18454648794392,1077.6488079285562
Screenshot 2025-12-05 at 3.36.03PM_foggy.png,CTURTYL,CTURTYL,CTURTYL,1.0,1.0,0.8447265625,0.8623046875,181.37055118110237,147.34644516398066,265.2571834559949,1177.7422998218033
Screenshot 2025-12-05 at 3.41.57PM_foggy.png,9CGU905,9CGU905,9CGU905,1.0,1.0,0.86572265625,0.869140625,162.16372932431943,127.08963902036038,238.8226865341458,1007.1646545907397
Screenshot 2025-12-05 at 3.42.15PM_foggy.png,8ZPJ258,8ZRJ258,8ZPJ258,0.8571428571428572,1.0,0.84716796875,0.86669921875,181.89887445620948,158.78539152918,377.012588671575,1595.1446651724427
Screenshot 2025-12-05 at 3.42.55PM_foggy.png,8KER863,8KER863,8KER863,1.0,1.0,0.86962890625,0.8427734375,166.82816999548635,129.6553771721959,288.9980983409738,1122.6503325998578
Screenshot 2025-12-05 at 3.43.16PM_foggy.png,YP71027,YP71027,YP71027,1.0,1.0,0.413818359375,0.47900390625,177.42368027569174,138.2223114827505,345.77767462689644,1289.206019395902
Screenshot 2025-12-05 at 3.43.37PM_foggy.png,8TYU926,8TYU926,8TYU926,1.0,1.0,0.86083984375,0.876953125,182.12346223054607,146.66971772367276,244.88788822853482,1212.6688739924577
Screenshot 2025-12-05 at 3.43.59PM_foggy.png,2SRA544,2SRA544,2SRA544,1.0,1.0,0.87939453125,0.8876953125,178.51744004902994,139.52168197502064,356.4067041962519,1417.7787351881695
Screenshot 2025-12-05 at 3.44.15PM_foggy.png,2SRA544,2SRA544,2SRA544,1.0,1.0,0.8828125,0.88427734375,185.63417386476007,150.16182413568288,304.3544434387574,1345.3646972579838
Screenshot 2025-12-05 at 3.44.29PM_foggy.png,8ZCL305,8ZCL305,8ZCL305,1.0,1.0,0.8642578125,0.87158203125,188.3666175021503,159.22734639655062,239.3240461086809,1573.3843897231623
Screenshot 2025-12-05 at 3.45.23PM_foggy.png,7XME382,7XME382,7XME382,1.0,1.0,0.8857421875,0.89404296875,189.52087959536146,158.51669962836172,263.65618218995934,1356.7870321536093
Screenshot 2025-12-05 at 3.45.41PM_foggy.png,754,7544,7544,0.75,0.75,0.8408203125,0.8623046875,151.86300496373187,116.49628350083752,262.45093376695803,801.214989408128
Screenshot 2025-12-05 at 5.07.44PM.png,1632ZE,1632ZE,1632ZE,1.0,1.0,0.86865234375,0.8720703125,157.6665533839472,140.81451856981636,1721.7362478883633,3153.9861236120582
Screenshot 2025-12-05 at 5.13.08PM.png,4TA8687,4TA8687,4TA8687,1.0,1.0,0.84765625,0.80908203125,154.66809555182334,131.67851548987747,483.3230934615201,1664.4198832000616
Screenshot 2025-12-05 at 5.21.52PM.png,1287931,1287931,1287931,1.0,1.0,0.6640625,0.79345703125,153.12128508988175,149.42209253868006,3049.8089532652857,4192.489058962127
frame_000613.jpeg,5YVR179,5YYR179,5YVR179,0.8571428571428572,1.0,0.78564453125,0.78271484375,118.50398871527777,104.6266026877572,51.67258195830829,118.8857296045065
frame_000645.jpeg,5YVR179,AYXR17,AYXR179,0.5714285714285714,0.7142857142857143,0.408203125,0.7021484375,162.55606545781893,133.690384998714,1074.7383718012036,4219.038133814774
