filename,gt_plate,pred_raw,pred_processed,acc_raw,acc_processed,conf_raw,conf_processed,brightness_raw,brightness_processed,sharp_raw,sharp_processed,brisque_raw,brisque_processed,niqe_raw,niqe_processed
./license_plate_restoration/Foggy Images/20190615_155317_resized.jpg,ATOMC,AT0MC,AT0MC,0.8,0.8,0.8486328125,0.86474609375,166.35292222764758,106.37510681152344,44.04710388183594,163.34454345703125,37.6652946472168,30.712703704833984,13.270676612854004,12.745505332946777
./license_plate_restoration/Foggy Images/20190712_121651_resized.jpg,1494322,1494322,1494322,1.0,1.0,0.86669921875,0.884765625,171.96683756510416,95.71764628092448,310.3241271972656,1208.5863037109375,10.286612510681152,5.66054630279541,11.934976577758789,11.011338233947754
./license_plate_restoration/Foggy Images/20190727_110246_resized.jpg,8ETH697,8ETH697,8ETH697,1.0,1.0,0.79541015625,0.8330078125,181.64109632703992,117.41313001844618,370.7650146484375,1337.6495361328125,0.0,0.0,6.578780651092529,7.102934837341309
./license_plate_restoration/Foggy Images/20200603_191338_resized.jpg,AL83M36,AL83M36,AL83M36,1.0,1.0,0.8896484375,0.896484375,171.30646260579428,97.54433695475261,450.5340881347656,1660.7130126953125,15.587469100952148,23.55348777770996,8.818817138671875,9.579137802124023
./license_plate_restoration/Foggy Images/20220525_150737_resized.jpg,6KAV083,6KAV083,6KAV083,1.0,1.0,0.892578125,0.88818359375,171.59801567925348,95.23508538140192,400.45751953125,1480.66943359375,0.8232840299606323,0.0,5.9004387855529785,6.517520904541016
./license_plate_restoration/Foggy Images/20230630_140900.jpg,9DIG718,9DTG718,9DTG718,0.8571428571428572,0.8571428571428572,0.8671875,0.869140625,181.07718404134116,106.73868306477864,134.9012908935547,526.6258544921875,26.400442123413086,23.516204833984375,10.855147361755371,8.964936256408691
./license_plate_restoration/Foggy Images/20230802_161747_resized.jpg,CK26U47,CK26U47,CK26U47,1.0,1.0,0.8671875,0.8583984375,167.79395548502603,89.46724955240886,784.6923217773438,2887.232421875,13.096643447875977,17.24553871154785,5.512057781219482,5.982703685760498
./license_plate_restoration/Foggy Images/20240221_175425_resized.jpg,99767M2,99767M2,99767M2,1.0,1.0,0.84765625,0.86279296875,184.3963148328993,120.82722473144531,372.1895446777344,1397.14990234375,19.94330406188965,16.353872299194336,10.28235912322998,9.272636413574219
./license_plate_restoration/Foggy Images/20240224_154126_resized.jpg,7HKN790,7HKN790,7HKN790,1.0,1.0,0.82568359375,0.85986328125,174.18157450358072,101.29976908365886,534.5637817382812,1974.2581787109375,19.14651107788086,21.185810089111328,6.487346649169922,6.461461544036865
./license_plate_restoration/Foggy Images/20240407_153852_resized.jpg,LUCILLE,LUCTLE,LUCILLE,0.7142857142857143,1.0,0.900390625,0.9140625,173.82811821831598,102.92550659179688,262.2959289550781,995.1510620117188,10.008675575256348,5.2468132972717285,7.132927894592285,7.348233699798584
./license_plate_restoration/Foggy Images/20240504_154137.jpg,EQ 19389,EQ19389,EQ19389,0.875,0.875,0.8759765625,0.8759765625,181.97971937391492,113.0726301405165,458.6308898925781,1697.8939208984375,2.011603832244873,12.309529304504395,7.979275703430176,8.084877014160156
./license_plate_restoration/Foggy Images/20240504_154432.jpg,CJ0777,CJQ777,CJQ777,0.8333333333333334,0.8333333333333334,0.8798828125,0.89208984375,170.53449164496527,91.37452697753906,575.2217407226562,2186.923095703125,12.652464866638184,22.27045249938965,10.693325996398926,8.390202522277832
./license_plate_restoration/Foggy Images/20240504_154449_resized.jpg,CL 21287,CL21287,CL21287,0.875,0.875,0.8564453125,0.85693359375,187.57546997070312,132.88731892903647,498.12451171875,1840.7659912109375,12.253813743591309,9.512267112731934,7.522757053375244,7.9237165451049805
./license_plate_restoration/Foggy Images/20240504_170739_resized.jpg,180008,180008,180008,1.0,1.0,0.89013671875,0.888671875,168.75061543782553,93.72957187228732,604.2474975585938,2178.163818359375,20.53251075744629,30.286571502685547,6.729519844055176,6.888233661651611
./license_plate_restoration/Foggy Images/20240513_065344_resized.jpg,USJ-7233,USJ7233,USJ7233,0.875,0.875,0.81201171875,0.84521484375,165.01456366644965,81.87269592285156,1233.2891845703125,4516.41455078125,4.972960472106934,9.67895793914795,7.744995594024658,8.730530738830566
./license_plate_restoration/Foggy Images/20240611_153155_resized.jpg,06219U1,06219U1,06219U1,1.0,1.0,0.67138671875,0.73486328125,187.35740661621094,143.19038899739584,263.0542297363281,996.7019653320312,19.439132690429688,8.695199966430664,10.039769172668457,9.284626007080078
./license_plate_restoration/Foggy Images/IMG_0743_resized.jpg,WLSOP,WLSOP,WLS0P,1.0,0.8,0.65087890625,0.837890625,180.1803724500868,112.5067647298177,306.93572998046875,1141.4205322265625,20.631216049194336,12.583507537841797,12.640616416931152,9.917559623718262
./license_plate_restoration/Foggy Images/IMG_0771_resized.jpg,LCBW31,LCBW31,LCBW331,1.0,0.8571428571428572,0.57568359375,0.480712890625,179.37936062282986,110.25709025065105,338.0690612792969,1233.4541015625,14.719666481018066,6.981151103973389,9.446714401245117,9.722768783569336
./license_plate_restoration/Foggy Images/IMG_1083_resized.jpg,QNAH46,QNAH48,QNAH46,0.8333333333333334,1.0,0.591796875,0.744140625,180.4828118218316,116.21962653266058,316.8270263671875,1154.6900634765625,17.94080352783203,15.36565113067627,9.151721954345703,10.52186107635498
./license_plate_restoration/Foggy Images/IMG_2323.jpeg,1431529,1431529,1431529,1.0,1.0,0.83935546875,0.86865234375,179.41757202148438,111.10806274414062,391.9840393066406,1440.4910888671875,0.0,0.9179911613464355,6.207354545593262,7.309664249420166
./license_plate_restoration/Foggy Images/IMG_2324.jpeg,1431380,UCSDD8,UCSDD8,0.1428571428571429,0.1428571428571429,0.76611328125,0.83154296875,187.81188795301648,127.0362786187066,427.2733459472656,1542.34619140625,13.878232955932617,25.49477767944336,7.5680646896362305,8.843598365783691
./license_plate_restoration/Foggy Images/IMG_2325(1).jpeg,CTA9646,CTA9646,,1.0,0.0,0.88671875,0.0,181.6005401611328,112.88951958550348,426.6303405761719,1635.72412109375,10.334939002990723,6.1187567710876465,9.35009479522705,8.812030792236328
./license_plate_restoration/Foggy Images/IMG_2326.jpeg,1431417,1431417,1431417,1.0,1.0,0.87353515625,0.87060546875,179.7766842312283,113.29613749186198,365.1988220214844,1388.68359375,13.77554988861084,14.685290336608887,9.924764633178711,9.476422309875488
./license_plate_restoration/Foggy Images/IMG_2327.jpeg,1594530,1594530,1594530,1.0,1.0,0.88818359375,0.8828125,182.71768188476562,120.39244249131944,356.8445129394531,1269.8082275390625,18.335491180419922,15.991326332092285,7.3095574378967285,7.711843013763428
./license_plate_restoration/Foggy Images/IMG_2328.jpeg,1392958,199295,199998,0.7142857142857143,0.5714285714285714,0.8515625,0.88134765625,182.63631523980035,118.26629469129774,325.8249206542969,1244.529296875,23.30461311340332,20.849504470825195,10.668021202087402,13.992395401000977
./license_plate_restoration/Foggy Images/IMG_2329.jpeg,6996G1,CJ5501,C356G1,0.16666666666666663,0.5,0.8359375,0.83837890625,176.34434678819446,106.51995001898871,505.616455078125,1954.69921875,31.34040069580078,28.181371688842773,11.252685546875,12.573713302612305
./license_plate_restoration/Foggy Images/IMG_2334.jpeg,"7SFA191,6FBV284",6FBV284,6FBV284,1.0,1.0,0.6142578125,0.70947265625,169.39998541937933,92.71593390570746,1599.6510009765625,5806.80517578125,15.137767791748047,20.668344497680664,8.867962837219238,9.612649917602539
./license_plate_restoration/Foggy Images/IMG_2335.jpeg,8VAC115,8VAC115,8VACI15,1.0,0.8571428571428572,0.85986328125,0.880859375,167.4985114203559,86.76969231499567,297.9809265136719,1155.91015625,22.93604850769043,21.074296951293945,10.928788185119629,11.23751163482666
./license_plate_restoration/Foggy Images/IMG_2336.jpeg,7SFA,,,0.0,0.0,0.0,0.0,169.405276828342,90.57934909396701,418.7696228027344,1631.9559326171875,33.36746597290039,28.676668167114258,12.28767204284668,12.906794548034668
./license_plate_restoration/Foggy Images/IMG_2338.jpeg,"9BYV861,8LYK834",9BYV861,9BYV861,1.0,1.0,0.83740234375,0.86181640625,174.50816684299045,101.72569613986545,240.67652893066406,930.6550903320312,17.843481063842773,18.364116668701172,11.800565719604492,11.04143238067627
./license_plate_restoration/Foggy Images/IMG_2341.jpeg,9685,91685,91685,0.8,0.8,0.83251953125,0.8564453125,173.6205579969618,98.87666829427083,372.1166076660156,1432.2506103515625,7.3904500007629395,13.0309419631958,14.471031188964844,14.982972145080566
./license_plate_restoration/Foggy Images/IMG_2342.jpeg,9KIC227,9KIC227,9KICZ27,1.0,0.8571428571428572,0.4951171875,0.833984375,173.71439107259116,99.03903028700087,548.8881225585938,2118.69775390625,6.820261001586914,11.106103897094727,12.087104797363281,12.314784049987793
./license_plate_restoration/Foggy Images/IMG_2343.jpeg,"7L7S369,9KIC227",7LZS369,9KTCZ27,0.8571428571428572,0.7142857142857143,0.82763671875,0.8837890625,172.67965528700086,98.0328606499566,407.2162170410156,1567.2200927734375,6.060394763946533,13.97321891784668,12.66903018951416,13.433000564575195
./license_plate_restoration/Foggy Images/IMG_2344.jpeg,8UPR353,,8UPR353,0.0,1.0,0.0,0.875,173.62633260091147,98.86977810329861,477.8855285644531,1840.0517578125,1.4135990142822266,7.124885559082031,11.776032447814941,12.82512378692627
./license_plate_restoration/Foggy Images/IMG_2345.jpeg,7NET760,ZNET760,7NET760,0.8571428571428572,1.0,0.82861328125,0.79833984375,177.77867804633246,109.45986938476562,261.0274963378906,987.1296997070312,0.0,5.765049457550049,6.153459548950195,6.683379650115967
./license_plate_restoration/Foggy Images/IMG_2346.jpeg,1470349,,,0.0,0.0,0.0,0.0,169.44049241807727,90.94490051269531,304.3149108886719,1147.104248046875,16.136638641357422,12.632800102233887,6.418787956237793,6.37361478805542
./license_plate_restoration/Foggy Images/IMG_2347.jpeg,6UER269,6UER269,6UER269,1.0,1.0,0.89892578125,0.8974609375,179.50187174479166,115.5604960123698,239.7447052001953,903.275146484375,0.0,8.289021492004395,6.352938175201416,6.055627822875977
./license_plate_restoration/Foggy Images/IMG_2348.jpeg,8CJE008,8CJE008,8CJE008,1.0,1.0,0.83447265625,0.85791015625,176.9841105143229,109.11768425835504,156.10426330566406,587.9689331054688,0.0,0.0,7.192726135253906,6.89879035949707
./license_plate_restoration/Foggy Images/IMG_2349.jpeg,8CJE008,8CJE008,8CJE008,1.0,1.0,0.88623046875,0.8779296875,168.66265699598523,89.85107421875,28.59898567199707,101.02347564697266,27.232744216918945,14.117144584655762,11.729156494140625,9.535928726196289
./license_plate_restoration/Foggy Images/IMG_2354.jpeg,8NKH450,BNKH450,BNKH450,0.8571428571428572,0.8571428571428572,0.82177734375,0.826171875,169.05648464626736,93.99261813693576,149.25978088378906,570.6326293945312,0.0,0.0,11.238186836242676,9.222539901733398
./license_plate_restoration/Foggy Images/IMG_2366.jpeg,7EZU047,7E7U047,7EZU047,0.8571428571428572,1.0,0.87451171875,0.869140625,165.09044223361545,86.52391899956598,144.19456481933594,544.4052124023438,0.0,0.0,8.270809173583984,7.515459060668945
./license_plate_restoration/Foggy Images/IMG_2371.jpeg,8UZG115,8UZG115,8UZG115,1.0,1.0,0.85693359375,0.8603515625,174.38570658365884,101.69041781955295,513.1436157226562,1904.23779296875,4.502790927886963,3.504666328430176,6.4460320472717285,6.481658458709717
./license_plate_restoration/Foggy Images/IMG_2378_frame_000341.jpeg,8VEL356,,8VF1354,0.0,0.5714285714285714,0.0,0.83056640625,146.5676224320023,52.80797209563079,130.41285705566406,207.83363342285156,16.794282913208008,5.431980609893799,8.847684860229492,6.552490711212158
./license_plate_restoration/Foggy Images/IMG_2379_frame_000228.jpeg,9LWB035,,9LWB035,0.0,1.0,0.0,0.8056640625,117.92056839554398,20.6049962926794,257.89154052734375,558.529541015625,12.683357238769531,18.974388122558594,11.117012023925781,11.649463653564453
./license_plate_restoration/Foggy Images/IMG_2379_frame_000499.jpeg,BEMN247,BEMW247,BEMW247,0.8571428571428572,0.8571428571428572,0.75634765625,0.79150390625,151.6661422164352,64.48259367766204,275.3874206542969,844.8301391601562,3.5232443809509277,6.78096866607666,8.212539672851562,8.663615226745605
./license_plate_restoration/Foggy Images/IMG_2381_frame_000598.jpeg,88681A4,,,0.0,0.0,0.0,0.0,109.40054434317129,24.899678548177082,89.58465576171875,133.57794189453125,14.780344009399414,10.132880210876465,9.402534484863281,6.865218162536621
./license_plate_restoration/Foggy Images/IMG_2382_frame_000182.jpeg,7LCY720,LLCY722,7LCY720,0.7142857142857143,1.0,0.546875,0.66162109375,125.59221959997106,25.065303096064813,251.57321166992188,522.9661254882812,18.37865447998047,15.829169273376465,9.860435485839844,11.854415893554688
./license_plate_restoration/Foggy Images/IMG_2382_frame_000276.jpeg,9FGS754,9FGJ754,,0.8571428571428572,0.0,0.73193359375,0.0,96.62475133825231,9.840867784288195,343.6357727050781,483.96343994140625,16.570405960083008,23.38228416442871,10.419631958007812,19.427701950073242
./license_plate_restoration/Foggy Images/IMG_2383_frame_000484.jpeg,1431555,AK34554,,0.4285714285714286,0.0,0.671875,0.0,107.98656322337963,11.898686161747685,153.76258850097656,261.2806701660156,11.118619918823242,20.960222244262695,10.568285942077637,12.395176887512207
./license_plate_restoration/Foggy Images/IMG_2383_frame_000633.jpeg,9NM2053,,,0.0,0.0,0.0,0.0,107.48216417100694,17.30157244646991,165.61331176757812,273.3785400390625,8.696681022644043,22.240873336791992,9.130151748657227,12.552376747131348
./license_plate_restoration/Foggy Images/IMG_2383_frame_000763.jpeg,1642116,,164116,0.0,0.8571428571428572,0.0,0.77294921875,139.11529993127894,37.53688331886574,146.73672485351562,370.1260070800781,7.8765363693237305,0.0,7.948237895965576,6.874317646026611
./license_plate_restoration/Foggy Images/IMG_2384_frame_000459.jpeg,9PMX795,9PMX795,9RMA25,1.0,0.4285714285714286,0.85302734375,0.77392578125,94.6974882392473,6.194522849462365,129.86795043945312,99.71512603759766,14.530806541442871,43.533138275146484,10.47031021118164,10.027999877929688
./license_plate_restoration/Foggy Images/IMG_2386.jpeg,8MHL131,8MHL131,BMHL131,1.0,0.8571428571428572,0.76904296875,0.7578125,170.31627570258246,94.39344448513455,798.3478393554688,3073.363525390625,12.596329689025879,14.930670738220215,12.527487754821777,13.640355110168457
./license_plate_restoration/Foggy Images/IMG_2387.jpeg,8JUE333,BJUE333,BJUE333,0.8571428571428572,0.8571428571428572,0.859375,0.8701171875,173.52272711859808,98.78556993272569,564.90966796875,2192.15966796875,11.515946388244629,12.661831855773926,14.464183807373047,13.763675689697266
./license_plate_restoration/Foggy Images/IMG_2388.jpeg,67776M1,67776M1,67776M1,1.0,1.0,0.787109375,0.78271484375,179.09491644965277,109.78011915418837,348.1264343261719,1309.6302490234375,6.407756805419922,12.412105560302734,7.468472480773926,7.461309432983398
./license_plate_restoration/Foggy Images/IMG_2389.jpeg,1608816,1608816,1608816,1.0,1.0,0.76904296875,0.85400390625,179.2574174669054,111.21830579969618,262.0167236328125,1006.1619262695312,16.94405746459961,12.563103675842285,11.039814949035645,11.971789360046387
./license_plate_restoration/Foggy Images/IMG_2390.jpeg,1408508,1408508,1408508,1.0,1.0,0.74072265625,0.8212890625,180.1766069200304,114.98612976074219,196.1360321044922,742.080810546875,11.856472969055176,7.774653911590576,11.701565742492676,12.33238697052002
./license_plate_restoration/Foggy Images/IMG_2391.jpeg,1044958,104458,104458,0.8571428571428572,0.8571428571428572,0.869140625,0.87109375,180.13092549641928,112.0207010904948,257.3516540527344,988.6389770507812,3.659236431121826,2.328653573989868,10.40895938873291,10.764872550964355
./license_plate_restoration/Foggy Images/IMG_2393.jpeg,1431360,1431360,1431360,1.0,1.0,0.88818359375,0.9072265625,179.64113532172308,110.89126925998264,310.2122497558594,1197.982177734375,16.07905387878418,13.925076484680176,11.974252700805664,11.050570487976074
./license_plate_restoration/Foggy Images/IMG_5004_resized.jpg,RSULAHH,RSULAHH,RSULAHH,1.0,1.0,0.8681640625,0.88623046875,162.82429843478732,78.9256608751085,524.7228393554688,1924.6568603515625,23.48389434814453,26.083633422851562,8.390451431274414,7.643245220184326
./license_plate_restoration/Foggy Images/IMG_5509_resized.jpg,8XOM170,8XDM170,8XOM170,0.8571428571428572,1.0,0.80908203125,0.7353515625,167.95553249782986,90.03920321994357,318.1996765136719,1142.9749755859375,10.384932518005371,2.0130462646484375,12.938434600830078,10.441039085388184
./license_plate_restoration/Foggy Images/IMG_5772.jpeg,9POM121,9POM121,9POM121,1.0,1.0,0.7919921875,0.8330078125,172.30716620551215,97.93570624457465,531.2621459960938,1922.5050048828125,3.8443028926849365,0.3337864875793457,8.028182029724121,8.409907341003418
./license_plate_restoration/Foggy Images/IMG_5773.jpeg,8SHF202,8SHF202,8SHF202,1.0,1.0,0.423828125,0.6015625,167.1824188232422,86.1324971516927,354.5421142578125,1273.9844970703125,5.931359767913818,4.6435747146606445,5.666335582733154,7.221579074859619
./license_plate_restoration/Foggy Images/IMG_5774.jpeg,6YYM380,6YYM380,6YYM380,1.0,1.0,0.85888671875,0.8701171875,167.80125766330295,87.68996683756511,343.6572570800781,1291.6790771484375,11.80001449584961,10.139430046081543,8.492018699645996,9.152305603027344
./license_plate_restoration/Foggy Images/IMG_5775.jpeg,8CMX516,8CMX516,8CMX516,1.0,1.0,0.84423828125,0.87353515625,170.7448255750868,93.61323886447482,586.5789184570312,2235.246826171875,17.349266052246094,16.79285430908203,10.062209129333496,11.31208610534668
./license_plate_restoration/Foggy Images/IMG_5776.jpeg,9POM121,9POM121,9POM121,1.0,1.0,0.84912109375,0.8681640625,172.6342315673828,97.21337212456598,459.5958251953125,1738.7298583984375,14.786482810974121,13.90230655670166,7.622905254364014,8.226327896118164
./license_plate_restoration/Foggy Images/IMG_5870.jpeg,7GKE712,7GKE712,7GKE712,1.0,1.0,0.8759765625,0.88232421875,166.7724863688151,88.85392930772569,664.905029296875,2511.689697265625,6.636438846588135,8.54114055633545,9.196660041809082,9.080738067626953
./license_plate_restoration/Foggy Images/IMG_5871.jpeg,9MWC382,9MWC382,9MWC382,1.0,1.0,0.8662109375,0.87255859375,175.49107191297742,104.91226365831163,477.2612609863281,1803.9461669921875,6.3578715324401855,6.856777667999268,7.8068647384643555,9.694446563720703
./license_plate_restoration/Foggy Images/IMG_5877.jpeg,STA2EF,STA2EF,STA2EP,1.0,0.8333333333333334,0.90380859375,0.90380859375,176.952877468533,106.614744398329,617.2373657226562,2352.915283203125,7.555108070373535,12.663371086120605,10.365219116210938,12.208427429199219
./license_plate_restoration/Foggy Images/IMG_5878.jpeg,3LA8EB,3LA8EB,3LA8EB,1.0,1.0,0.87353515625,0.8740234375,173.13697814941406,100.10587226019965,575.0140991210938,2201.7978515625,10.25236988067627,9.697359085083008,8.677050590515137,9.260740280151367
./license_plate_restoration/Foggy Images/IMG_5880.jpeg,85E0204,1088411,,0.0,0.0,0.509765625,0.0,180.89208814832898,116.46691046820746,295.5836181640625,1125.2459716796875,2.33217191696167,0.0,11.088583946228027,10.307758331298828
./license_plate_restoration/Foggy Images/IMG_5882.jpeg,BJY0327,BJY0327,BJY0327,1.0,1.0,0.9072265625,0.90673828125,172.74177042643228,97.23482937282986,241.1044921875,935.7640991210938,15.522567749023438,17.157304763793945,16.029043197631836,16.305208206176758
./license_plate_restoration/Foggy Images/IMG_5883.jpeg,FNA1DH,FNA1DH,FNA1DH,1.0,1.0,0.86767578125,0.88818359375,141.93054368760852,53.184805976019966,160.234130859375,586.4338989257812,12.399142265319824,4.4972028732299805,12.120766639709473,8.4835844039917
./license_plate_restoration/Foggy Images/IMG_5884.jpeg,2DA8F0,2DA8F0,2DA8F0,1.0,1.0,0.86328125,0.87255859375,168.04431321885852,89.50901285807292,346.0703430175781,1292.9200439453125,14.39546012878418,14.203922271728516,14.019566535949707,14.945816040039062
./license_plate_restoration/Foggy Images/IMG_5886.jpeg,MMZWHP,HMZMHP,MMZWHP,0.6666666666666667,1.0,0.87109375,0.87451171875,175.80416531032986,106.51507907443576,243.50152587890625,927.4893188476562,14.468260765075684,9.958993911743164,11.072490692138672,10.651321411132812
./license_plate_restoration/Foggy Images/IMG_5891.jpeg,FOA4SW,FOA4SW,FOA4SW,1.0,1.0,0.890625,0.904296875,168.41561211480035,90.13242933485243,475.1995544433594,1784.6627197265625,8.775425910949707,10.16044807434082,9.989354133605957,10.549979209899902
./license_plate_restoration/Foggy Images/IMG_5892.jpeg,TXA29X,TXA29X,TXA29X,1.0,1.0,0.80810546875,0.77490234375,172.81417168511285,97.93598259819879,356.5904235839844,1354.187255859375,10.376315116882324,11.623740196228027,9.42516803741455,10.317480087280273
./license_plate_restoration/Foggy Images/IMG_5894.jpeg,6ZA6NZ,6ZA6NZ,6ZA6NZ,1.0,1.0,0.87109375,0.880859375,169.68466525607639,93.92101372612848,535.1756591796875,2030.7259521484375,1.2104674577713013,8.181413650512695,9.529747009277344,10.735417366027832
./license_plate_restoration/Foggy Images/IMG_5895.jpeg,7CTJ853,7CTJ853,7CTJ853,1.0,1.0,0.86376953125,0.86962890625,167.96764119466147,90.44185384114583,404.4917297363281,1536.8406982421875,2.9075920581817627,4.562952041625977,7.398380756378174,7.786078453063965
./license_plate_restoration/Foggy Images/IMG_5896.jpeg,BLA512,BLA512,BLA512,1.0,1.0,0.880859375,0.89013671875,178.6785363091363,110.07794867621527,311.04010009765625,1199.0643310546875,2.9708566665649414,3.6832520961761475,10.365745544433594,10.020551681518555
./license_plate_restoration/Foggy Images/IMG_5897.jpeg,W8A091,W8A091,W8A091,1.0,1.0,0.88623046875,0.890625,175.82761806911893,113.04512023925781,124.50741577148438,460.9348449707031,22.825651168823242,9.683477401733398,10.951300621032715,9.31369400024414
./license_plate_restoration/Foggy Images/IMG_5899.jpeg,XNA1Y1,XNA1Y1,XNA1Y1,1.0,1.0,0.7998046875,0.86572265625,177.26343790690103,118.47252231174045,152.09971618652344,574.19775390625,16.5054931640625,6.386362075805664,11.385493278503418,9.851726531982422
./license_plate_restoration/Foggy Images/IMG_5900.jpeg,BVL4257,BUL4257,BUL4257,0.8571428571428572,0.8571428571428572,0.83447265625,0.84912109375,179.06016540527344,108.91648695203993,88.43363189697266,327.6133728027344,28.130460739135742,9.715581893920898,12.688835144042969,9.02180004119873
./license_plate_restoration/Foggy Images/IMG_5958.jpeg,80970B4,,,0.0,0.0,0.0,0.0,170.07562764485678,95.17191738552518,206.84161376953125,779.3936157226562,13.339762687683105,3.672286033630371,7.501401901245117,8.610940933227539
./license_plate_restoration/Foggy Images/IMG_5959.jpeg,4245363,42453G3,42453G3,0.8571428571428572,0.8571428571428572,0.79248046875,0.8046875,166.22686089409723,86.95785352918837,135.26438903808594,510.7530822753906,25.123319625854492,18.573957443237305,17.315885543823242,13.446444511413574
./license_plate_restoration/Foggy Images/IMG_5961.jpeg,9TWF744,9TWF744,9TWF744,1.0,1.0,0.9091796875,0.91064453125,180.15103997124567,111.94432406955295,74.63883209228516,283.3933410644531,22.64096450805664,17.223491668701172,15.835988998413086,14.29323673248291
./license_plate_restoration/Foggy Images/IMG_5962.jpeg,8PAT244,8PAT244,8PAT244,1.0,1.0,0.76611328125,0.8134765625,180.0134769015842,111.68690829806857,255.8031463623047,953.3442993164062,5.5489349365234375,1.870697021484375,10.048367500305176,11.090575218200684
./license_plate_restoration/Foggy Images/IMG_5963.jpeg,50870H3,50870H3,50870H3,1.0,1.0,0.74658203125,0.87548828125,174.8483632405599,100.7970682779948,270.7354431152344,969.751708984375,11.467545509338379,8.421717643737793,7.657111167907715,7.492197036743164
./license_plate_restoration/Foggy Images/IMG_5964.jpeg,8HEE950,8HEE50,8HEE900,0.8571428571428572,0.8571428571428572,0.87255859375,0.88916015625,168.30499776204428,91.43794928656683,230.55751037597656,848.908935546875,9.492005348205566,4.262602806091309,8.166500091552734,6.6566057205200195
./license_plate_restoration/Foggy Images/IMG_5965.jpeg,9TWF744,9TWF744,9TWF744,1.0,1.0,0.90283203125,0.9052734375,177.86535474989148,107.9371320936415,259.06134033203125,960.201171875,7.984081268310547,8.15881061553955,9.291919708251953,10.133509635925293
./license_plate_restoration/Foggy Images/IMG_6180.jpeg,7TGJ110,7IGJ110,7TGJ110,0.8571428571428572,1.0,0.892578125,0.8740234375,138.35348171657986,40.11883036295573,255.80908203125,601.4556274414062,0.0,0.0,13.242112159729004,10.496392250061035
./license_plate_restoration/Foggy Images/IMG_6184.jpeg,9SHX552,9SHX552,9SHX552,1.0,1.0,0.85595703125,0.87060546875,147.88301255967883,56.261466132269966,418.845703125,1107.0401611328125,13.838942527770996,26.354106903076172,9.01337718963623,8.320849418640137
./license_plate_restoration/Foggy Images/IMG_6188.jpeg,7SOV044,7SOV044,7SOV044,1.0,1.0,0.74169921875,0.876953125,157.16014607747397,74.44640435112848,362.7027282714844,1049.4691162109375,8.311078071594238,24.699451446533203,8.719704627990723,8.43623161315918
./license_plate_restoration/Foggy Images/IMG_6192.jpeg,8BMG600,8BMG600,8BMG600,1.0,1.0,0.83837890625,0.8828125,163.1966078016493,78.71951802571614,534.2481079101562,1627.9837646484375,19.123580932617188,22.51029396057129,9.646872520446777,10.223761558532715
./license_plate_restoration/Foggy Images/IMG_6195.jpeg,6VAU284,,6VAU284,0.0,1.0,0.0,0.73779296875,137.73342047797308,54.57589891221788,629.96484375,1569.1048583984375,0.0,15.49614429473877,8.946574211120605,10.181373596191406
./license_plate_restoration/Foggy Images/IMG_6202.jpeg,7UQP650,7UQP650,7UQP650,1.0,1.0,0.85888671875,0.8857421875,149.54182942708334,56.29364352756076,465.7057800292969,1210.20654296875,18.08692169189453,27.52949333190918,8.676270484924316,8.13438892364502
./license_plate_restoration/Foggy Images/IMG_6410.jpeg,CN48989,CN48989,CN48989,1.0,1.0,0.8623046875,0.8701171875,166.42233292368914,84.72802697799625,474.9000244140625,1765.6993408203125,7.243453502655029,9.822359085083008,16.180091857910156,14.243040084838867
./license_plate_restoration/Foggy Images/IMG_6647 copy.jpeg,DM50964,DM50964,TM50964,1.0,0.8571428571428572,0.90283203125,0.919921875,124.07964671184739,33.230420379434406,273.094482421875,542.8167114257812,9.945379257202148,19.145919799804688,8.37402629852295,8.046866416931152
./license_plate_restoration/Foggy Images/IMG_6647.jpeg,EH43217,EH43217,FH43217,1.0,0.8571428571428572,0.88330078125,0.8837890625,127.91650474956822,27.444568693329014,415.7840881347656,1005.810302734375,7.454306125640869,17.987905502319336,7.530087471008301,8.08381462097168
./license_plate_restoration/Foggy Images/IMG_6652.jpeg,HASNATN,HASNATN,HA5NAIN,1.0,0.7142857142857143,0.79736328125,0.841796875,125.95301649305556,36.40303209092882,365.0784912109375,796.110595703125,2.3736014366149902,0.0,17.082256317138672,13.144685745239258
./license_plate_restoration/Foggy Images/IMG_6653.jpeg,NERYHQ,NERVHQ,NERVHQ,0.8333333333333334,0.8333333333333334,0.8837890625,0.84619140625,117.90857950846355,25.033589680989582,99.4228286743164,220.59912109375,19.909076690673828,37.54411697387695,12.035232543945312,11.443284034729004
./license_plate_restoration/Foggy Images/IMG_6655.jpeg,CZ 24949,CZ24949,CZ24949,0.875,0.875,0.91357421875,0.80908203125,104.25224304199219,12.927831013997396,318.55059814453125,678.5166625976562,13.07839584350586,31.070417404174805,7.39956521987915,13.001107215881348
./license_plate_restoration/Foggy Images/IMG_6657.jpeg,EK 30186,EK30186,EK30186,0.875,0.875,0.8798828125,0.875,146.07984246148004,56.10899013943143,167.7413787841797,449.1148376464844,5.136756896972656,6.082804203033447,8.56546688079834,8.523001670837402
./license_plate_restoration/Foggy Images/IMG_6658.jpeg,FQ 34248,FQ34248,FQ34248,0.875,0.875,0.90234375,0.912109375,141.86777581108942,44.52342732747396,153.07142639160156,426.1856384277344,11.209338188171387,13.276809692382812,8.61253833770752,7.260581016540527
./license_plate_restoration/Foggy Images/IMG_6661.jpeg,AZ 87822,AZ87822,AZ87822,0.875,0.875,0.8125,0.84521484375,132.9504191080729,41.449608696831596,401.5939025878906,988.5400390625,19.273927688598633,24.02318000793457,12.74919319152832,10.955129623413086
./license_plate_restoration/Foggy Images/IMG_6663.jpeg,DC 62199,DC62199,DC62199,0.875,0.875,0.89208984375,0.86767578125,96.713868882921,6.834175957573785,252.71142578125,450.6848449707031,2.774622917175293,26.016727447509766,11.0151948928833,23.08141326904297
./license_plate_restoration/Foggy Images/IMG_6678.jpeg,B5688 EL,B5688EL,B5688EL,0.875,0.875,0.87353515625,0.92626953125,137.20255364312067,47.85103183322482,222.66961669921875,593.4473876953125,37.52528381347656,38.016353607177734,12.817935943603516,12.081124305725098
./license_plate_restoration/Foggy Images/IMG_6682.jpeg,SMITA 18,SMITA18,SMITA18,0.875,0.875,0.85107421875,0.869140625,123.1693827311198,17.307785034179688,174.20069885253906,542.9346313476562,7.672166347503662,14.511709213256836,11.72857666015625,8.229316711425781
./license_plate_restoration/Foggy Images/IMG_6891.jpeg,DV 89203,DV89203,DV89203,0.875,0.875,0.86328125,0.8876953125,162.76180352105035,79.08512369791667,579.7894897460938,2127.710205078125,3.227847099304199,2.7084438800811768,9.911761283874512,10.088329315185547
./license_plate_restoration/Foggy Images/IMG_6892.jpeg,C2841 EL,C2841EL,C2841EL,0.875,0.875,0.857421875,0.88916015625,172.32410176595053,98.8776346842448,460.7776184082031,1684.4791259765625,10.310041427612305,11.85490608215332,9.595830917358398,10.0901460647583
./license_plate_restoration/Foggy Images/IMG_6893.jpeg,DS 98613,DS98613,DS98613,0.875,0.875,0.8984375,0.90380859375,172.73196919759116,98.24022250705295,609.6780395507812,2325.9462890625,11.034259796142578,11.543216705322266,12.134150505065918,11.826859474182129
./license_plate_restoration/Foggy Images/IMG_6894.jpeg,EB 52047,EB52047,EB52047,0.875,0.875,0.7685546875,0.86328125,177.9262440999349,109.79249403211806,777.27294921875,2901.741455078125,16.99553871154785,18.356008529663086,9.860925674438477,10.601659774780273
./license_plate_restoration/Foggy Images/IMG_6895.jpeg,FJ 96866,FJ96866,FJ96866,0.875,0.875,0.86474609375,0.88720703125,169.77555338541666,90.7979024251302,470.3883361816406,1748.8873291015625,13.131043434143066,15.115900039672852,6.277658462524414,7.151101589202881
./license_plate_restoration/Foggy Images/IMG_6896.jpeg,43074,43074F,43074F,0.8333333333333334,0.8333333333333334,0.86181640625,0.8935546875,169.63704427083334,96.65580749511719,245.51686096191406,911.1588745117188,19.912918090820312,19.480926513671875,6.941124439239502,9.589784622192383
./license_plate_restoration/Foggy Images/IMG_6897.jpeg,YO CINDY,1DCINDY,70CINUY,0.625,0.5,0.845703125,0.8525390625,175.87433030870227,106.86024644639757,406.3546447753906,1531.0035400390625,12.38417911529541,13.243946075439453,8.823781967163086,9.300942420959473
./license_plate_restoration/Foggy Images/IMG_7275.jpeg,8PAM497,8PAM497,8PAM497,1.0,1.0,0.86279296875,0.87353515625,171.46466742621527,97.02141486273871,745.302490234375,2735.363037109375,19.843717575073242,27.50638771057129,8.498306274414062,9.92538070678711
./license_plate_restoration/Foggy Images/IMG_7276.jpeg,8GLU332,8GLU332,8GLU332,1.0,1.0,0.8671875,0.8818359375,169.35882229275174,92.82294040256076,759.0729370117188,2810.755615234375,22.87321662902832,30.688228607177734,8.55039119720459,8.96820068359375
./license_plate_restoration/Foggy Images/IMG_7277.jpeg,8RGV530,8RGV530,8RGV530,1.0,1.0,0.8564453125,0.84375,174.66795349121094,98.53774854871962,686.4813842773438,2561.281005859375,18.72273063659668,29.405662536621094,8.391639709472656,9.544038772583008
./license_plate_restoration/Foggy Images/IMG_7278.jpeg,9RFE162,9RFE162,9RFE162,1.0,1.0,0.8583984375,0.85107421875,174.46639506022134,102.1307373046875,529.6516723632812,1965.5244140625,21.019411087036133,32.851524353027344,9.484443664550781,10.208100318908691
./license_plate_restoration/Foggy Images/IMG_7279.jpeg,PINGACK,PTNGACK,PTNGACK,0.8571428571428572,0.8571428571428572,0.90185546875,0.88916015625,166.26859707302518,83.90911865234375,227.18115234375,853.9116821289062,11.852888107299805,8.698321342468262,8.206368446350098,8.484622955322266
./license_plate_restoration/Foggy Images/IMG_7281.jpeg,7NQJ925,7NQJ925,7NQJ925,1.0,1.0,0.89208984375,0.88623046875,171.8873324924045,93.50455729166667,430.09033203125,1607.2535400390625,0.0,0.5913605690002441,6.679802894592285,7.762273788452148
./license_plate_restoration/Foggy Images/IMG_7282.jpeg,8LGE143,8LGE143,8LGE143,1.0,1.0,0.849609375,0.833984375,172.08721923828125,96.02777608235677,845.206787109375,3208.0751953125,4.372746467590332,10.964958190917969,6.389882564544678,6.268670558929443
./license_plate_restoration/Foggy Images/IMG_7285.jpeg,26390F1,26390F1,26390F1,1.0,1.0,0.8798828125,0.89111328125,176.58478461371527,104.16862657335069,319.3996887207031,1205.698486328125,8.304086685180664,12.599014282226562,7.732165813446045,9.04863452911377
./license_plate_restoration/Foggy Images/IMG_7286.jpeg,83018X3,83018X3,83018X3,1.0,1.0,0.87939453125,0.87255859375,167.9883575439453,89.80582004123264,456.4387512207031,1710.38916015625,8.609439849853516,11.079265594482422,9.196187973022461,9.278373718261719
./license_plate_restoration/Foggy Images/IMG_7287.jpeg,9TXR619,9TXR619,9TXR619,1.0,1.0,0.85498046875,0.88916015625,174.87944539388022,103.23086039225261,412.0348205566406,1550.197265625,18.791501998901367,26.780433654785156,9.591516494750977,9.805619239807129
./license_plate_restoration/Foggy Images/IMG_7288.jpeg,8TBC212,8TBC212,8TBC212,1.0,1.0,0.8671875,0.87060546875,170.7432369656033,93.29450988769531,616.8773803710938,2366.04345703125,13.378222465515137,14.38184642791748,9.808172225952148,10.790741920471191
./license_plate_restoration/Foggy Images/IMG_7289.jpeg,6J93188,6J93188,6J93188,1.0,1.0,0.85302734375,0.88671875,177.76757134331598,109.63897874620226,499.9934997558594,1864.3238525390625,6.497557163238525,10.99662971496582,9.874927520751953,9.529552459716797
./license_plate_restoration/Foggy Images/IMG_7291.jpeg,8UAX476,8UAX476,8UAX476,1.0,1.0,0.8515625,0.85693359375,175.1248524983724,102.03192816840277,359.7141418457031,1386.06591796875,6.377133369445801,7.5287041664123535,9.050222396850586,9.951547622680664
./license_plate_restoration/Foggy Images/IMG_7292.jpeg,07975E4,07975E4,07975E4,1.0,1.0,0.8291015625,0.8564453125,179.12720743815103,111.77727423773871,477.3231506347656,1826.9407958984375,2.5497970581054688,7.6383562088012695,7.584628582000732,8.916155815124512
./license_plate_restoration/Foggy Images/IMG_7293.jpeg,9HTK639,9HTK639,9HTK639,1.0,1.0,0.7353515625,0.88232421875,166.33520338270398,83.57844882541232,546.5993041992188,2056.224609375,0.0,0.0,8.676309585571289,8.694117546081543
./license_plate_restoration/Foggy Images/IMG_7295.jpeg,48475N2,48475N2,48475N2,1.0,1.0,0.85498046875,0.88916015625,171.42181396484375,92.71958245171442,484.0849304199219,1769.7559814453125,15.314801216125488,17.238765716552734,9.669445037841797,9.942083358764648
./license_plate_restoration/Foggy Images/IMG_7296.jpeg,7RJM387,7RJM387,7RJM387,1.0,1.0,0.8330078125,0.8330078125,176.47995842827692,104.74953036838107,494.4232177734375,1839.1754150390625,15.096696853637695,20.646177291870117,8.583351135253906,8.813427925109863
./license_plate_restoration/Foggy Images/IMG_7297.jpeg,27F3506,27F3506,27F3506,1.0,1.0,0.7060546875,0.78369140625,159.29327731662326,71.1402079264323,156.0861358642578,583.8426513671875,5.367855072021484,0.28769177198410034,17.06791114807129,17.039093017578125
./license_plate_restoration/Foggy Images/IMG_7298.jpeg,7YEL174,7YEL174,7YEL174,1.0,1.0,0.89111328125,0.89111328125,172.94072469075522,98.70540025499132,620.5787353515625,2219.44580078125,9.72939395904541,22.434600830078125,7.964132308959961,7.666291236877441
./license_plate_restoration/Foggy Images/IMG_7299.jpeg,9AWE167,9AWE167,9AWE167,1.0,1.0,0.8662109375,0.8935546875,173.92952473958334,99.76258850097656,485.28076171875,1777.0543212890625,12.98093032836914,19.98067283630371,10.792341232299805,10.919506072998047
./license_plate_restoration/Foggy Images/IMG_7300.jpeg,8LED381,8LED381,8LED381,1.0,1.0,0.8681640625,0.8779296875,174.6741655137804,102.02019755045573,408.0233154296875,1562.6776123046875,1.2554072141647339,0.9886656999588013,8.201261520385742,8.738534927368164
./license_plate_restoration/Foggy Images/IMG_7302.jpeg,7VZE943,7VZE943,7VZE943,1.0,1.0,0.8330078125,0.8896484375,168.8950670030382,91.6424051920573,270.7015075683594,1029.6844482421875,7.841683387756348,4.2489013671875,8.226993560791016,9.46151351928711
./license_plate_restoration/Foggy Images/IMG_7303.jpeg,8NSA622,8NSA622,8NSA622,1.0,1.0,0.81689453125,0.82958984375,179.2022671169705,113.13943142361111,313.6172790527344,1167.1376953125,2.232041835784912,11.774041175842285,7.107021331787109,7.447137832641602
./license_plate_restoration/Foggy Images/IMG_7304.jpeg,7XFK799,7XFK799,7XFK799,1.0,1.0,0.857421875,0.8623046875,167.56941392686633,90.23367987738715,344.5690002441406,1306.7144775390625,8.95953369140625,8.774117469787598,8.633881568908691,9.352551460266113
./license_plate_restoration/Foggy Images/IMG_7305.jpeg,9AED652,9AED562,9AED562,0.7142857142857143,0.7142857142857143,0.8701171875,0.88623046875,166.59689670138889,86.92144605848524,425.6464538574219,1588.6090087890625,2.2892091274261475,3.8491804599761963,10.505729675292969,10.856186866760254
./license_plate_restoration/Foggy Images/IMG_7307.jpeg,9DMY895,9DMY895,9DMY895,1.0,1.0,0.865234375,0.86572265625,174.63668653700086,102.11543952094183,422.9376220703125,1559.9718017578125,4.628852367401123,10.891493797302246,10.358367919921875,10.416421890258789
./license_plate_restoration/Foggy Images/IMG_7308.jpeg,5XVY459,5XVY459,5XVY459,1.0,1.0,0.84228515625,0.8828125,162.0005120171441,75.73849317762587,468.7606506347656,1744.9183349609375,0.0,0.0,9.206680297851562,9.482278823852539
./license_plate_restoration/Foggy Images/IMG_7309.jpeg,8WHK851,8WHK851,8WHK851,1.0,1.0,0.82080078125,0.85009765625,171.02742513020834,97.47981431749132,217.91748046875,805.3236694335938,5.858358860015869,1.9898381233215332,11.367408752441406,11.495879173278809
./license_plate_restoration/Foggy Images/IMG_7310_foggy.jpeg,7PCS854,7PCS854,7PCS854,1.0,1.0,0.86669921875,0.88525390625,185.32046678331164,128.21762084960938,273.4270324707031,1033.15869140625,3.6331379413604736,7.7066826820373535,8.300127983093262,8.87706470489502
./license_plate_restoration/Foggy Images/IMG_7311_foggy.jpeg,6KFK706,6KFK706,6KFK706,1.0,1.0,0.87939453125,0.8662109375,183.25921969943576,119.94277954101562,335.473388671875,1285.1617431640625,5.892134189605713,7.280458450317383,7.965968608856201,8.461352348327637
./license_plate_restoration/Foggy Images/IMG_7313_foggy.jpeg,9TKT629,9TKT629,9TKT629,1.0,1.0,0.87451171875,0.8935546875,180.80088127983942,116.19569057888455,224.4005126953125,844.5607299804688,3.722001552581787,4.3323893547058105,9.266761779785156,8.187284469604492
./license_plate_restoration/Foggy Images/IMG_7315_foggy.jpeg,8ZDU196,8ZDU196,8ZDU196,1.0,1.0,0.85205078125,0.86767578125,176.44890679253473,107.33413526746962,209.38330078125,777.0365600585938,0.0,0.0,11.33078384399414,12.27991771697998
./license_plate_restoration/Foggy Images/IMG_7316_foggy.jpeg,9POM121,9POM121,9POM121,1.0,1.0,0.873046875,0.88427734375,181.8548380533854,121.26146274142795,371.9624938964844,1410.7796630859375,10.721833229064941,7.608034610748291,6.094934940338135,6.829728603363037
./license_plate_restoration/Foggy Images/IMG_7317_foggy.jpeg,8CMX516,8CMX516,8CMX516,1.0,1.0,0.88427734375,0.88671875,179.13653225368924,112.083009507921,472.9681701660156,1814.2987060546875,14.942381858825684,15.845434188842773,8.305211067199707,10.308635711669922
./license_plate_restoration/Foggy Images/IMG_7318_foggy.jpeg,679YZ0,679YZD,679YZD,0.8333333333333334,0.8333333333333334,0.85595703125,0.87548828125,177.00379435221353,106.75129699707031,441.3561706542969,1668.2489013671875,9.252400398254395,11.883301734924316,9.386978149414062,10.213950157165527
./license_plate_restoration/Foggy Images/IMG_8534.jpeg,97673C,,,0.0,0.0,0.0,0.0,178.69183180067273,111.80578274197049,173.5572509765625,660.371337890625,24.633317947387695,15.898406028747559,9.03214168548584,8.644216537475586
./license_plate_restoration/Foggy Images/IMG_8541.jpeg,ARA8JR,,ARA8JR,0.0,1.0,0.0,0.86474609375,174.93111177297166,106.56330377871457,44.93842315673828,167.5882568359375,21.667438507080078,13.715904235839844,13.134086608886719,10.440397262573242
./license_plate_restoration/Foggy Images/IMG_8542.jpeg,52A94Y,V5294Y,V5294Y,0.6666666666666667,0.6666666666666667,0.74365234375,0.81298828125,167.0865522666178,79.38164788000978,121.99518585205078,478.2471618652344,19.46137046813965,18.54619026184082,9.887713432312012,8.463422775268555
./license_plate_restoration/Foggy Images/Screenshot 2025-10-08 at 12.00.51PM_resized.png,T732426C,T732426C,T732426C,1.0,1.0,0.88232421875,0.87646484375,182.39254082573785,128.28069390190973,252.9962158203125,977.8479614257812,8.674235343933105,5.983853340148926,12.306690216064453,10.179167747497559
./license_plate_restoration/Foggy Images/Screenshot 2025-10-08 at 12.00.58PM_resized.png,7FDZ446,7FDZ446,7FDZ446,1.0,1.0,0.8671875,0.87451171875,185.6309288872613,125.72432284884982,205.5514678955078,790.246826171875,13.168400764465332,9.816178321838379,8.389561653137207,8.41474437713623
./license_plate_restoration/Foggy Images/Screenshot 2025-10-08 at 12.01.39PM_resized.png,7XMK666,7XMK666,7XMK666,1.0,1.0,0.853515625,0.87109375,174.21955023871527,99.51990254720052,758.2200317382812,2871.3095703125,20.006750106811523,21.145404815673828,7.596900939941406,8.016398429870605
./license_plate_restoration/Foggy Images/Screenshot 2025-10-08 at 12.03.38PM_resized.png,8ZPC871,8ZPC871,8ZPC871,1.0,1.0,0.87890625,0.89453125,164.57418314615884,82.28668551974826,490.1454772949219,1852.4976806640625,11.663741111755371,7.514103889465332,13.290375709533691,13.17470932006836
./license_plate_restoration/Foggy Images/Screenshot 2025-10-08 at 12.03.56PM_resized.png,82362W1,8224W1,8222W1,0.5714285714285714,0.7142857142857143,0.8447265625,0.8330078125,175.3760494656033,102.43097771538629,372.868896484375,1395.2879638671875,10.65739917755127,9.088605880737305,9.498815536499023,9.4505033493042
./license_plate_restoration/Foggy Images/Screenshot 2025-10-08 at 12.04.09PM_resized.png,1184TX,1184TX,1184TX,1.0,1.0,0.81591796875,0.837890625,160.53720092773438,74.01857164171007,414.3674621582031,1554.9342041015625,19.380855560302734,19.388399124145508,11.97390079498291,10.516426086425781
./license_plate_restoration/Foggy Images/Screenshot 2025-10-08 at 12.04.18PM_resized.png,013MLX,013MLX,013MLX,1.0,1.0,0.85009765625,0.84814453125,169.62811109754773,92.82352023654514,532.4935302734375,1968.1510009765625,10.892518043518066,8.035555839538574,13.526375770568848,11.901636123657227
./license_plate_restoration/Foggy Images/Screenshot 2025-10-08 at 12.04.29PM_resized.png,RFM7334,RFM7334,RFM7334,1.0,1.0,0.86181640625,0.88427734375,172.1237030029297,99.13480970594618,611.9265747070312,2306.3837890625,28.014209747314453,24.481538772583008,10.918801307678223,8.563739776611328
./license_plate_restoration/Foggy Images/Screenshot 2025-10-08 at 12.04.38PM_resized.png,NYR6525,NYR6525,NYR6525,1.0,1.0,0.82666015625,0.837890625,164.54783799913196,83.33641052246094,863.5879516601562,3099.767822265625,20.884130477905273,24.171520233154297,7.956519603729248,7.970051288604736
./license_plate_restoration/Foggy Images/Screenshot 2025-10-08 at 12.04.53PM_resized.png,8RNN844,8RNN844,9RNN844,1.0,0.8571428571428572,0.86767578125,0.86083984375,181.35919698079428,114.7077128092448,478.379638671875,1775.25,3.6526525020599365,0.3314342796802521,9.858810424804688,9.141958236694336
./license_plate_restoration/Foggy Images/Screenshot 2025-10-08 at 12.05.05PM_resized.png,6S32601,6S32601,6S32601,1.0,1.0,0.85888671875,0.88232421875,187.47530280219183,123.46980285644531,498.2099304199219,1866.05419921875,13.554734230041504,19.019550323486328,7.239296913146973,7.789978504180908
./license_plate_restoration/Foggy Images/Screenshot 2025-10-08 at 12.05.13PM_resized.png,WHYUFAT,WHYUFAT,WHYUFAT,1.0,1.0,0.8681640625,0.8681640625,184.72271558973523,120.85996500651042,141.29466247558594,543.8800659179688,17.464113235473633,9.690296173095703,8.505027770996094,8.668597221374512
./license_plate_restoration/Foggy Images/Screenshot 2025-10-08 at 12.05.27PM_resized.png,8YOU918,8YOU918,8YOU918,1.0,1.0,0.87646484375,0.8876953125,184.00184122721353,123.46475897894965,317.9166259765625,1211.7027587890625,12.750353813171387,10.453219413757324,7.257203578948975,7.106312274932861
./license_plate_restoration/Foggy Images/Screenshot 2025-10-08 at 12.05.33PM_resized.png,8TGH790,8TGH790,8TGH790,1.0,1.0,0.84423828125,0.86181640625,179.61504787868924,113.87207370334201,368.0188903808594,1391.0941162109375,13.993306159973145,10.02428150177002,11.447511672973633,11.054237365722656
./license_plate_restoration/Foggy Images/Screenshot 2025-10-08 at 12.07.06PM_resized.png,8L94622,8L94622,8L94622,1.0,1.0,0.46533203125,0.71630859375,188.10831875271268,127.75473192003038,271.088623046875,1016.6248168945312,10.60205364227295,6.20982551574707,7.373161792755127,6.599878311157227
./license_plate_restoration/Foggy Images/Screenshot 2025-10-08 at 12.10.17PM_resized.png,EL97768,EL97768,ZL97168,1.0,0.7142857142857143,0.83935546875,0.85107421875,151.4805942111545,58.55912950303819,601.4276733398438,2281.072021484375,4.353365898132324,0.6446946859359741,23.173294067382812,20.304431915283203
./license_plate_restoration/Foggy Images/Screenshot 2025-10-08 at 12.11.41PM_resized.png,9BQE189,,,0.0,0.0,0.0,0.0,180.12625291612414,116.20438130696614,247.59742736816406,909.434326171875,7.464751243591309,0.4582292139530182,13.198050498962402,9.92170238494873
./license_plate_restoration/Foggy Images/Screenshot 2025-12-05 at 3.27.17PM_foggy.png,7XHK600,7XHR60D,7XHH60D,0.7142857142857143,0.7142857142857143,0.87646484375,0.88330078125,167.60585974386214,81.08769881669028,66.27177429199219,240.56942749023438,32.02972412109375,27.918304443359375,11.065081596374512,10.174124717712402
./license_plate_restoration/Foggy Images/Screenshot 2025-12-05 at 3.27.21PM_foggy.png,7TWE323,7TWE323,7TWE323,1.0,1.0,0.765625,0.81298828125,180.88634091331846,107.27227492559524,115.09375,430.2674865722656,31.622222900390625,31.20271873474121,20.05874252319336,14.492493629455566
./license_plate_restoration/Foggy Images/Screenshot 2025-12-05 at 3.29.26PM_foggy.png,7WIC368,7WIC368,7WIC368,1.0,1.0,0.826171875,0.82470703125,191.35153660629734,135.6400349934896,153.4149627685547,371.42138671875,13.623695373535156,14.956040382385254,11.086893081665039,9.285517692565918
./license_plate_restoration/Foggy Images/Screenshot 2025-12-05 at 3.29.33PM_foggy.png,5HCA754,5HCA754,5HCA754,1.0,1.0,0.8876953125,0.87890625,162.03321706167176,73.62482678707951,463.8357238769531,1610.843505859375,14.42160701751709,13.4994535446167,16.281509399414062,13.667014122009277
./license_plate_restoration/Foggy Images/Screenshot 2025-12-05 at 3.30.33PM_foggy.png,8HUW988,8HUW988,8HUW988,1.0,1.0,0.88818359375,0.93359375,170.7061362779931,86.40968521210164,170.00616455078125,657.1190185546875,13.965497016906738,11.520938873291016,9.846296310424805,9.294120788574219
./license_plate_restoration/Foggy Images/Screenshot 2025-12-05 at 3.30.37PM_foggy.png,9MKE840,9MKE840,9MKE840,1.0,1.0,0.892578125,0.931640625,161.64151734815505,72.56457944651741,306.7041015625,892.847900390625,9.13107681274414,2.315018653869629,9.838217735290527,8.65689468383789
./license_plate_restoration/Foggy Images/Screenshot 2025-12-05 at 3.30.41PM_foggy.png,TZH7698,TZH7698,TZH7698,1.0,1.0,0.88916015625,0.8857421875,184.2678728228445,113.67525049316782,350.2444152832031,1246.961181640625,3.8594651222229004,5.922177791595459,11.175265312194824,12.54959487915039
./license_plate_restoration/Foggy Images/Screenshot 2025-12-05 at 3.32.33PM_foggy.png,P624267,P6Z4267,P624267,0.8571428571428572,1.0,0.86181640625,0.87353515625,177.2412480017533,101.97504447710396,449.8920593261719,1623.9287109375,0.5418429970741272,0.0,11.634749412536621,8.424820899963379
./license_plate_restoration/Foggy Images/Screenshot 2025-12-05 at 3.33.27PM_foggy.png,9FCG101,9FCG101,9FCG101,1.0,1.0,0.85546875,0.8583984375,178.2928298081809,101.99621085810467,183.5418243408203,698.43701171875,4.55982780456543,0.0,12.470832824707031,9.108827590942383
./license_plate_restoration/Foggy Images/Screenshot 2025-12-05 at 3.33.53PM_foggy.png,61421L3,61421L3,61421L3,1.0,1.0,0.853515625,0.818359375,185.3928898358586,117.56773332281145,292.5608215332031,971.072509765625,10.207510948181152,13.847506523132324,10.954472541809082,9.150497436523438
./license_plate_restoration/Foggy Images/Screenshot 2025-12-05 at 3.34.42PM_foggy.png,PGJ4292,PGJ4292,PGJ4292,1.0,1.0,0.81103515625,0.703125,185.29288793103447,128.23518992456897,41.918663024902344,140.36080932617188,19.867168426513672,8.708864212036133,10.945961952209473,9.69753360748291
./license_plate_restoration/Foggy Images/Screenshot 2025-12-05 at 3.34.47PM_foggy.png,PGJ4292,PGJ4292,PGJ4292,1.0,1.0,0.83154296875,0.8525390625,186.5080157992565,129.50314145755885,48.0759391784668,159.2898406982422,19.595718383789062,5.639124870300293,10.234978675842285,8.918476104736328
./license_plate_restoration/Foggy Images/Screenshot 2025-12-05 at 3.35.44PM_foggy.png,THENILE,THENILE,IHENILE,1.0,0.8571428571428572,0.8896484375,0.8857421875,168.5150978068766,85.03258555591259,82.69676208496094,286.2948913574219,19.968582153320312,10.481351852416992,9.936871528625488,7.917293548583984
./license_plate_restoration/Foggy Images/Screenshot 2025-12-05 at 3.35.47PM_foggy.png,APEMODE,APEMODE,APEMODE,1.0,1.0,0.89306640625,0.890625,161.19306196732956,69.15695282907197,224.36732482910156,845.6389770507812,15.830180168151855,11.37442398071289,12.155293464660645,9.746903419494629
./license_plate_restoration/Foggy Images/Screenshot 2025-12-05 at 3.36.03PM_foggy.png,CTURTYL,CTURTYL,CTURTYL,1.0,1.0,0.8447265625,0.8837890625,181.37127501450115,108.39765806264501,230.2698516845703,853.1594848632812,23.57669448852539,22.980173110961914,12.575451850891113,9.142197608947754
./license_plate_restoration/Foggy Images/Screenshot 2025-12-05 at 3.41.57PM_foggy.png,9CGU905,9CGU905,9CGU905,1.0,1.0,0.86572265625,0.8798828125,162.16414388020834,71.15486653645833,122.68706512451172,434.03955078125,18.355501174926758,15.911852836608887,14.76291275024414,13.73542308807373
./license_plate_restoration/Foggy Images/Screenshot 2025-12-05 at 3.42.15PM_foggy.png,8ZPJ258,8ZRJ258,8ZPJ258,0.8571428571428572,1.0,0.84716796875,0.85888671875,181.89843900356044,114.9391629378368,180.9390869140625,527.7572631835938,5.193731784820557,5.921267032623291,9.174525260925293,12.536968231201172
./license_plate_restoration/Foggy Images/Screenshot 2025-12-05 at 3.42.55PM_foggy.png,8KER863,8KER863,8KER863,1.0,1.0,0.86962890625,0.8564453125,166.82894038228156,80.49547009843582,409.8258361816406,1557.9949951171875,4.674619674682617,6.583251953125,11.613812446594238,10.150413513183594
./license_plate_restoration/Foggy Images/Screenshot 2025-12-05 at 3.43.16PM_foggy.png,YP71027,YP71027,YP71027,1.0,1.0,0.413818359375,0.7900390625,177.4239822855512,100.97382328359426,509.4558410644531,1860.52490234375,4.733777046203613,8.394370079040527,7.932572841644287,7.514245986938477
./license_plate_restoration/Foggy Images/Screenshot 2025-12-05 at 3.43.37PM_foggy.png,8TYU926,8TYU926,8TYU926,1.0,1.0,0.86083984375,0.86865234375,182.12346768881733,108.62248274053474,123.23511505126953,468.01617431640625,22.246505737304688,21.861228942871094,13.720641136169434,12.682814598083496
./license_plate_restoration/Foggy Images/Screenshot 2025-12-05 at 3.43.59PM_foggy.png,2SRA544,2SRA544,2SRA544,1.0,1.0,0.87939453125,0.8955078125,178.51752387152777,104.3473503206983,362.2691955566406,1384.6552734375,14.487311363220215,15.062297821044922,7.7362141609191895,8.1128568649292
./license_plate_restoration/Foggy Images/Screenshot 2025-12-05 at 3.44.15PM_foggy.png,2SRA544,2SRA544,2SRA544,1.0,1.0,0.8828125,0.89111328125,185.63386789233144,116.49945097340931,220.467041015625,798.1204833984375,16.605051040649414,14.1598482131958,13.88761043548584,9.532031059265137
./license_plate_restoration/Foggy Images/Screenshot 2025-12-05 at 3.44.29PM_foggy.png,8ZCL305,8ZCL305,8ZCL305,1.0,1.0,0.8642578125,0.86865234375,188.36649287395397,121.6106416710251,87.79246520996094,335.24462890625,18.103153228759766,17.7675838470459,11.802420616149902,8.760519027709961
./license_plate_restoration/Foggy Images/Screenshot 2025-12-05 at 3.45.23PM_foggy.png,7XME382,7XME382,7XME382,1.0,1.0,0.8857421875,0.896484375,189.521331478851,123.50902580492425,169.1509552001953,643.9735107421875,13.30451488494873,11.285104751586914,12.193636894226074,10.539632797241211
./license_plate_restoration/Foggy Images/Screenshot 2025-12-05 at 3.45.41PM_foggy.png,754,7544,7547,0.75,0.75,0.8408203125,0.83984375,151.86293675261584,55.54910547458894,453.587890625,1541.322265625,11.324877738952637,12.94694995880127,16.113685607910156,12.484296798706055
./license_plate_restoration/Foggy Images/Screenshot 2025-12-05 at 5.07.44PM.png,1632ZE,1632ZE,1632ZE,1.0,1.0,0.86865234375,0.8828125,157.66726961026825,78.33472645943272,857.2514038085938,1786.1314697265625,5.877119064331055,13.612114906311035,11.709293365478516,10.927452087402344
./license_plate_restoration/Foggy Images/Screenshot 2025-12-05 at 5.13.08PM.png,4TA8687,4TA8687,4TA8687,1.0,1.0,0.84765625,0.869140625,154.66831520232816,60.668868082501845,237.09814453125,673.505859375,9.994325637817383,8.731244087219238,9.277481079101562,9.205442428588867
./license_plate_restoration/Foggy Images/Screenshot 2025-12-05 at 5.21.52PM.png,1287931,1287931,1287931,1.0,1.0,0.6640625,0.8232421875,153.12448836133257,109.04682902667047,2168.08740234375,3112.477783203125,22.701011657714844,29.905399322509766,7.476720333099365,11.381195068359375
./license_plate_restoration/Foggy Images/frame_000613.jpeg,5YVR179,5YYR179,3YVP179,0.8571428571428572,0.7142857142857143,0.78564453125,0.75634765625,118.50369149667246,28.927449544270832,494.7698059082031,597.2589111328125,8.356602668762207,23.542659759521484,17.011686325073242,12.191137313842773
./license_plate_restoration/Foggy Images/frame_000645.jpeg,5YVR179,AYXR17,5YXB179,0.5714285714285714,0.7142857142857143,0.408203125,0.79931640625,162.55588107638889,78.89268211082175,256.5790710449219,852.8543090820312,6.2608256340026855,7.2033162117004395,7.318887233734131,7.651749134063721
